Time (sec)," ""R1 R1"""," ""R2 R1"""," ""R3 R1"""," ""R4 R1"""," ""R5 R1"""," ""R6 R1"""," ""R7 R1"""," ""R8 R1"""," ""R9 R1"""," ""R10 R1"""," ""R11 R1"""," ""R12 R1"""," ""R13 R1"""," ""R14 R1"""," ""R15 R1"""," ""R16 R1"""," ""R17 R1"""," ""R18 R1"""," ""R19 R1"""," ""R20 R1"""," ""R21 R1"""," ""R22 R1"""," ""R23 R1"""," ""R24 R1"""," ""R25 R1"""," ""R26 R1"""," ""R27 R1""",LED 5 s,LED 10 s,LED 2.5 s,LED 1 s,,
0.58,0.225766,0.228201,0.223869,0.237845,0.183742,0.19304,0.185582,0.182031,0.171053,0.190474,0.183974,0.232805,0.216364,0.223329,0.190186,0.213636,0.207457,0.215893,0.196671,0.199372,0.204004,0.205403,0.212819,0.220482,0.171428,0.195132,0.177466,0,0,0,0,,
2.58,0.228655,0.233844,0.223999,0.238328,0.185877,0.194894,0.186559,0.183627,0.174028,0.194401,0.185752,0.235411,0.217995,0.227212,0.192348,0.216121,0.211265,0.213938,0.197549,0.200924,0.203572,0.20469,0.213595,0.221194,0.173796,0.203978,0.187359,0,0,0,0,,
4.58,0.222434,0.227555,0.220607,0.234303,0.182761,0.188467,0.182349,0.180036,0.169207,0.189693,0.181708,0.22807,0.214162,0.218106,0.187835,0.211044,0.203996,0.209951,0.192751,0.195849,0.197143,0.199447,0.210236,0.215881,0.170211,0.207033,0.193382,0,0,0,0,,
6.58,0.222591,0.22532,0.217268,0.234763,0.182557,0.189148,0.182353,0.178722,0.16918,0.188617,0.183585,0.227287,0.211374,0.219363,0.188133,0.210964,0.19865,0.210542,0.194093,0.195425,0.197391,0.19991,0.208436,0.214547,0.170838,0.210895,0.203563,0,0,0,0,,
8.94,0.225289,0.227934,0.220595,0.235683,0.183276,0.191194,0.184231,0.180596,0.169992,0.190814,0.184948,0.227543,0.214283,0.222445,0.189282,0.211269,0.202642,0.210736,0.194621,0.196156,0.198962,0.200642,0.210038,0.21528,0.17002,0.21324,0.207904,0,0,0,0,,
10.94,0.227043,0.228377,0.220691,0.23703,0.183944,0.191095,0.184754,0.181426,0.171486,0.189704,0.185824,0.227405,0.213472,0.220652,0.190208,0.211943,0.200328,0.212078,0.193501,0.194965,0.197956,0.199951,0.210059,0.214782,0.17095,0.21562,0.209242,0,0,0,0,,
12.94,0.223857,0.227319,0.220884,0.234739,0.182807,0.19007,0.183438,0.180876,0.169384,0.189581,0.183969,0.22494,0.213155,0.223403,0.189951,0.210723,0.202487,0.210205,0.193454,0.195295,0.197521,0.19945,0.208529,0.214928,0.170861,0.210213,0.206902,0,0,0,0,,
14.94,0.224934,0.226346,0.221455,0.234215,0.1834,0.190793,0.183949,0.18226,0.170168,0.189464,0.184029,0.225606,0.211909,0.218165,0.190004,0.211674,0.201586,0.211054,0.193634,0.19588,0.196587,0.199927,0.21019,0.215104,0.171676,0.2087,0.205509,0,0,0,0,,
16.94,0.223776,0.228146,0.220291,0.23633,0.181893,0.189617,0.183134,0.180366,0.170186,0.18832,0.184383,0.223533,0.213539,0.21628,0.189841,0.211697,0.200972,0.210705,0.194335,0.192844,0.195671,0.198926,0.209434,0.214626,0.171152,0.206276,0.201154,0,0,0,0,,
18.94,0.224692,0.227438,0.219161,0.235107,0.183697,0.192337,0.183461,0.181337,0.169758,0.190065,0.183582,0.224987,0.212919,0.21735,0.189751,0.211976,0.196462,0.21114,0.193953,0.193102,0.197608,0.199217,0.209381,0.214336,0.171526,0.205063,0.19722,0,0,0,0,,
20.94,0.226214,0.228036,0.21988,0.236034,0.183082,0.189652,0.182285,0.180846,0.16991,0.189033,0.183303,0.224695,0.212949,0.217784,0.190185,0.211157,0.196514,0.211192,0.19429,0.193021,0.19549,0.197864,0.208118,0.214524,0.171298,0.201829,0.196024,0,0,0,0,,
22.94,0.226937,0.22707,0.220971,0.235806,0.184223,0.193343,0.184745,0.182325,0.172118,0.189135,0.184857,0.225123,0.214643,0.219097,0.192232,0.212072,0.199267,0.210969,0.19626,0.195607,0.198373,0.199798,0.20886,0.216935,0.172751,0.200968,0.196836,0,0,0,0,,
24.94,0.226922,0.226932,0.22134,0.23411,0.184757,0.191151,0.185434,0.181492,0.171109,0.190114,0.18526,0.224056,0.213229,0.217243,0.190851,0.212023,0.197527,0.211127,0.194229,0.194501,0.196848,0.199239,0.209352,0.215403,0.171783,0.200954,0.194811,0,0,0,0,,
26.94,0.228713,0.228979,0.222322,0.237091,0.185919,0.190808,0.185271,0.183655,0.171814,0.191835,0.186271,0.225607,0.215132,0.218771,0.192213,0.213129,0.196271,0.211346,0.195771,0.196744,0.199109,0.200887,0.209233,0.217507,0.17296,0.203493,0.195965,0,0,0,0,,
28.94,0.226504,0.228423,0.220883,0.235747,0.183877,0.19099,0.184515,0.180494,0.169597,0.190261,0.184751,0.22344,0.213416,0.216959,0.191405,0.213563,0.195681,0.210136,0.195673,0.191931,0.198637,0.199647,0.209617,0.216571,0.173093,0.200633,0.194156,0,0,0,0,,
30.94,0.229234,0.22952,0.220518,0.236199,0.184182,0.191445,0.18496,0.182084,0.171855,0.191686,0.185359,0.226671,0.21492,0.217178,0.192475,0.213687,0.199096,0.210307,0.196133,0.194183,0.19829,0.199147,0.209706,0.217891,0.173444,0.201245,0.194576,0,0,0,0,,
32.94,0.226739,0.225764,0.220859,0.237489,0.183472,0.192081,0.18419,0.181639,0.171464,0.190529,0.184991,0.223565,0.214207,0.215686,0.191783,0.211877,0.195521,0.209662,0.19297,0.193778,0.197395,0.19866,0.209151,0.217593,0.172069,0.199867,0.195504,0,0,0,0,,
34.94,0.224786,0.226778,0.219718,0.234587,0.184489,0.190244,0.182759,0.180379,0.170604,0.188612,0.185178,0.2226,0.213447,0.214148,0.19282,0.211344,0.19441,0.206972,0.193865,0.192807,0.194042,0.197761,0.208602,0.217126,0.171669,0.201467,0.196081,0,0,0,0,,
36.94,0.225778,0.22767,0.219186,0.238382,0.183963,0.190214,0.184309,0.181825,0.171908,0.189496,0.186423,0.221419,0.214467,0.21333,0.193115,0.212453,0.194681,0.209579,0.194445,0.191162,0.194873,0.196353,0.210091,0.216489,0.17214,0.20137,0.19843,0,0,0,0,,
38.94,0.224569,0.228365,0.22145,0.234551,0.183382,0.190521,0.183271,0.181249,0.17056,0.189017,0.184431,0.222944,0.214749,0.214429,0.191445,0.211056,0.193868,0.208267,0.190365,0.190733,0.194103,0.195213,0.209693,0.216339,0.172336,0.200825,0.194249,0,0,0,0,,
40.94,0.225966,0.227663,0.22286,0.236064,0.183962,0.191898,0.184565,0.18203,0.171755,0.190816,0.185906,0.222136,0.213636,0.213243,0.193068,0.212115,0.192869,0.210183,0.19241,0.191078,0.194118,0.197731,0.209614,0.216728,0.172607,0.200247,0.194672,0,0,0,0,,
42.94,0.226649,0.225883,0.219279,0.233296,0.182343,0.191456,0.181059,0.17816,0.170861,0.187963,0.184775,0.222285,0.211405,0.21114,0.189459,0.20998,0.192071,0.207916,0.189132,0.189966,0.195567,0.19514,0.208398,0.214534,0.171133,0.197895,0.194915,0,0,0,0,,
44.94,0.226045,0.224637,0.220476,0.237466,0.183364,0.191718,0.183668,0.181045,0.169782,0.190647,0.183797,0.221557,0.211059,0.213156,0.192388,0.209495,0.190282,0.207731,0.191294,0.191515,0.196673,0.195396,0.208406,0.216742,0.172155,0.197551,0.193461,0,0,0,0,,
46.94,0.225358,0.227232,0.221336,0.237961,0.184913,0.1917,0.183955,0.180453,0.172322,0.190085,0.185827,0.223153,0.212923,0.214819,0.191769,0.208845,0.190997,0.20805,0.188952,0.192859,0.194211,0.195689,0.212205,0.216242,0.173339,0.197234,0.195169,0,0,0,0,,
48.94,0.225954,0.224652,0.22079,0.236862,0.184721,0.191727,0.183897,0.180305,0.171055,0.189575,0.185903,0.221734,0.213017,0.214928,0.192689,0.207584,0.192937,0.208844,0.191378,0.192781,0.193886,0.195888,0.210024,0.216542,0.173015,0.197872,0.19421,0,0,0,0,,
50.94,0.226894,0.224533,0.221546,0.235968,0.184342,0.193017,0.183224,0.181319,0.17037,0.190816,0.186433,0.221171,0.211635,0.215985,0.192291,0.208297,0.198039,0.208754,0.191412,0.19292,0.193752,0.194889,0.208979,0.215529,0.173816,0.199194,0.196041,0,0,0,0,,
52.94,0.226789,0.225453,0.222285,0.23459,0.184614,0.192183,0.183921,0.182237,0.171149,0.192,0.18583,0.222482,0.2114,0.21534,0.19448,0.208295,0.198477,0.20863,0.190941,0.191285,0.192198,0.195865,0.209709,0.217402,0.175351,0.200578,0.194988,0,0,0,0,,
54.94,0.226347,0.22624,0.223709,0.238691,0.185544,0.190455,0.185437,0.181579,0.171778,0.192009,0.186042,0.22325,0.212157,0.214997,0.192383,0.209505,0.195272,0.208502,0.190501,0.190333,0.193816,0.196235,0.208761,0.217302,0.173913,0.200097,0.194258,0,0,0,0,,
56.94,0.225533,0.226886,0.222851,0.23816,0.184546,0.192197,0.185412,0.182813,0.17157,0.189964,0.186499,0.222633,0.209261,0.212775,0.192018,0.207146,0.196959,0.209029,0.190809,0.192798,0.192337,0.196424,0.206933,0.215932,0.175226,0.199292,0.195859,0,0,0,0,,
58.94,0.223593,0.223713,0.221216,0.233306,0.183087,0.189652,0.182239,0.179904,0.168229,0.188507,0.185197,0.219625,0.207435,0.211138,0.189678,0.204423,0.19441,0.205734,0.188545,0.186929,0.189119,0.19017,0.205082,0.213386,0.1739,0.195703,0.193589,0,0,0,0,,
60.94,0.225037,0.224779,0.222935,0.234361,0.182349,0.19024,0.182406,0.179644,0.169849,0.188872,0.184002,0.221636,0.207046,0.210102,0.190753,0.205041,0.195477,0.206046,0.188386,0.18881,0.192354,0.193711,0.203439,0.213591,0.173562,0.195613,0.193745,0,0,0,0,,
62.94,0.225114,0.226204,0.219427,0.233938,0.182961,0.18899,0.182763,0.180944,0.16849,0.18989,0.185234,0.217948,0.207311,0.209592,0.190865,0.203713,0.197458,0.20505,0.188045,0.187148,0.192714,0.195787,0.203921,0.214016,0.173407,0.193173,0.193672,0,0,0,0,,
64.94,0.224063,0.228533,0.221377,0.236022,0.183599,0.192579,0.184956,0.17968,0.171079,0.189362,0.185787,0.220347,0.208501,0.210966,0.191005,0.205857,0.195866,0.205559,0.188805,0.188577,0.192792,0.194118,0.204051,0.215975,0.174104,0.195936,0.195908,0,0,0,0,,
66.94,0.225483,0.224189,0.223169,0.234387,0.18408,0.192053,0.183835,0.180471,0.171056,0.190602,0.186298,0.219856,0.207627,0.211674,0.190985,0.204873,0.196927,0.204911,0.188362,0.188631,0.193266,0.194587,0.201469,0.215798,0.174912,0.196265,0.194098,0,0,0,0,,
68.94,0.225928,0.224203,0.222712,0.233675,0.183557,0.19127,0.184422,0.17996,0.169839,0.189405,0.184454,0.21661,0.205762,0.210769,0.191475,0.203554,0.195438,0.204871,0.187908,0.188647,0.19339,0.19094,0.203954,0.212696,0.174407,0.195869,0.194815,0,0,0,0,,
70.94,0.226309,0.224708,0.222483,0.233182,0.183315,0.192736,0.184961,0.179816,0.169951,0.190926,0.185318,0.217488,0.204673,0.209599,0.191649,0.203007,0.194911,0.204601,0.188056,0.187375,0.192846,0.190128,0.199825,0.214006,0.174917,0.196279,0.193265,0,0,0,0,,
72.94,0.22725,0.224092,0.222289,0.234517,0.183965,0.192389,0.184747,0.180108,0.170466,0.189897,0.185173,0.216918,0.206025,0.210607,0.191144,0.202854,0.195143,0.204804,0.185185,0.18865,0.19086,0.191896,0.200186,0.211918,0.174499,0.195891,0.194307,0,0,0,0,,
74.94,0.22677,0.227682,0.223342,0.237447,0.184924,0.192159,0.184735,0.182394,0.170082,0.191432,0.18582,0.218338,0.205868,0.21128,0.192952,0.201647,0.197165,0.20385,0.188482,0.18983,0.193071,0.192185,0.200792,0.211568,0.176268,0.197609,0.192684,0,0,0,0,,
76.94,0.225998,0.224684,0.224027,0.2337,0.183803,0.191166,0.184915,0.180729,0.170332,0.190512,0.185012,0.21642,0.206091,0.212069,0.191523,0.202497,0.195729,0.205352,0.188111,0.189025,0.190695,0.192107,0.199246,0.21155,0.174208,0.195489,0.191518,0,0,0,0,,
78.94,0.227132,0.226151,0.223356,0.23457,0.185309,0.190251,0.182934,0.180196,0.169801,0.191372,0.185181,0.217556,0.205148,0.211401,0.191804,0.201842,0.196772,0.204377,0.188124,0.188768,0.194571,0.191921,0.198961,0.211782,0.173818,0.197633,0.191045,0,0,0,0,,
80.94,0.226336,0.225698,0.22361,0.237712,0.18571,0.190519,0.18409,0.182,0.170022,0.190522,0.186392,0.217826,0.206931,0.211579,0.191929,0.201561,0.198846,0.204958,0.188758,0.189089,0.191949,0.189634,0.199276,0.21204,0.175519,0.195899,0.189277,0,0,0,0,,
82.94,0.224152,0.224635,0.224459,0.237172,0.183677,0.191819,0.184603,0.180032,0.171155,0.189881,0.185946,0.219764,0.20404,0.212179,0.191624,0.202789,0.197437,0.203493,0.189079,0.189157,0.192901,0.191043,0.198127,0.211375,0.175042,0.195855,0.190345,0,0,0,0,,
84.94,0.225959,0.230129,0.221769,0.234852,0.185199,0.189919,0.184097,0.182462,0.170385,0.191276,0.186888,0.218429,0.203549,0.210185,0.192256,0.201649,0.19973,0.203421,0.188064,0.188934,0.190561,0.190956,0.195712,0.211054,0.173697,0.195943,0.190278,0,0,0,0,,
86.94,0.227916,0.226397,0.224595,0.234051,0.185967,0.190712,0.184802,0.181301,0.168647,0.190742,0.184799,0.217083,0.202197,0.212105,0.191918,0.202446,0.199614,0.204028,0.186967,0.191313,0.190471,0.192077,0.195886,0.212291,0.175694,0.195309,0.189407,0,0,0,0,,
88.94,0.223056,0.223772,0.219642,0.23327,0.181535,0.188202,0.182877,0.17902,0.167605,0.187813,0.182768,0.214398,0.200076,0.207895,0.189544,0.200219,0.196418,0.200609,0.18391,0.18849,0.187863,0.189103,0.193421,0.208908,0.172056,0.193512,0.186629,0,0,0,0,,
91,0.22391,0.226441,0.221601,0.233725,0.183512,0.189162,0.18189,0.179563,0.167483,0.189021,0.184966,0.214589,0.203194,0.212059,0.188524,0.200716,0.198465,0.202878,0.185391,0.187676,0.188684,0.189421,0.193972,0.210292,0.17235,0.194817,0.187402,0,0,0,0,,
93,0.223957,0.224349,0.220941,0.233585,0.183439,0.188499,0.183752,0.177256,0.16751,0.188462,0.184937,0.213961,0.200714,0.21142,0.189406,0.200916,0.197077,0.201571,0.185104,0.187214,0.187993,0.188729,0.194349,0.210395,0.172805,0.193758,0.189455,0,0,0,0,,
95,0.222903,0.224298,0.220492,0.230954,0.182958,0.188299,0.181106,0.17954,0.166883,0.187822,0.183323,0.213932,0.198893,0.209968,0.18928,0.197697,0.196436,0.199972,0.183093,0.188011,0.186988,0.188215,0.192892,0.211132,0.173048,0.195276,0.188989,0,0,0,0,,
97,0.221494,0.222983,0.22104,0.230168,0.182928,0.18939,0.181827,0.177478,0.16708,0.188665,0.184402,0.213351,0.199366,0.209487,0.189053,0.19874,0.19707,0.202254,0.184098,0.187665,0.18831,0.189676,0.192401,0.211687,0.17096,0.194976,0.192068,0,0,0,0,,
99,0.2235,0.221874,0.217028,0.232949,0.183315,0.187422,0.181439,0.1788,0.167056,0.188886,0.182473,0.2146,0.199628,0.209407,0.18769,0.196898,0.196135,0.20154,0.183217,0.187098,0.188014,0.189676,0.193829,0.211666,0.172735,0.198179,0.192096,0,0,0,0,,
101,0.223927,0.224689,0.221079,0.231392,0.182686,0.191273,0.181314,0.179379,0.164724,0.189115,0.184348,0.215007,0.199623,0.211701,0.189013,0.198382,0.198833,0.201263,0.183151,0.187452,0.188387,0.18692,0.193256,0.21287,0.172243,0.198113,0.192848,0,0,0,0,,
103,0.22506,0.224897,0.217877,0.230727,0.181937,0.189156,0.183984,0.178267,0.166682,0.187416,0.18419,0.214649,0.199257,0.208643,0.187682,0.196557,0.199128,0.200312,0.181661,0.186298,0.187653,0.189044,0.192699,0.212638,0.172151,0.198457,0.194373,0,0,0,0,,
105,0.223145,0.223485,0.219566,0.231549,0.184156,0.188645,0.181767,0.178005,0.166805,0.189046,0.184114,0.212284,0.199084,0.208388,0.188371,0.19825,0.198561,0.19951,0.182356,0.185425,0.185955,0.187629,0.192047,0.212477,0.171732,0.197501,0.192771,0,0,0,0,,
107,0.222359,0.220847,0.21914,0.232197,0.183228,0.187706,0.182087,0.178333,0.165812,0.187897,0.183836,0.214246,0.198058,0.210666,0.188344,0.197817,0.197378,0.199175,0.182299,0.185558,0.184209,0.188073,0.192354,0.213721,0.171739,0.199558,0.192174,0,0,0,0,,
109,0.225565,0.223049,0.221276,0.23207,0.183835,0.190386,0.182276,0.179058,0.167325,0.187909,0.185812,0.215682,0.200129,0.21249,0.190404,0.199047,0.200588,0.201322,0.183558,0.186293,0.184196,0.189121,0.193304,0.212794,0.174262,0.197589,0.194159,0,0,0,0,,
111,0.223053,0.221938,0.220429,0.232666,0.18309,0.19044,0.181483,0.179049,0.168282,0.188356,0.183758,0.214924,0.197404,0.209372,0.18946,0.196639,0.200089,0.200545,0.183739,0.187865,0.184198,0.187676,0.193794,0.213616,0.171953,0.19667,0.19262,0,0,0,0,,
113,0.224702,0.223686,0.218775,0.233316,0.182086,0.189004,0.183256,0.178339,0.168961,0.186427,0.182743,0.214228,0.196354,0.207959,0.188546,0.197292,0.198438,0.197936,0.1818,0.18655,0.182792,0.186174,0.192933,0.211335,0.171704,0.195791,0.192219,0,0,0,0,,
115,0.223406,0.222111,0.217506,0.231142,0.182424,0.188873,0.182566,0.177975,0.168339,0.188777,0.183108,0.212945,0.198215,0.209924,0.18887,0.197615,0.19929,0.200483,0.181351,0.185645,0.183919,0.185975,0.192415,0.212229,0.173337,0.195716,0.19304,0,0,0,0,,
117,0.221416,0.22343,0.217618,0.230697,0.182533,0.187762,0.181814,0.177287,0.167355,0.18802,0.184037,0.214629,0.197974,0.209755,0.188436,0.197472,0.201494,0.200752,0.182239,0.186821,0.183465,0.186932,0.192533,0.213484,0.172726,0.197507,0.192572,0,0,0,0,,
119.02,0.2219,0.2217,0.220281,0.232504,0.184321,0.189882,0.181379,0.179119,0.16902,0.189662,0.183709,0.215824,0.199824,0.212865,0.188735,0.197733,0.200809,0.199984,0.182579,0.187861,0.183301,0.187149,0.191793,0.215605,0.172654,0.196101,0.191177,1,0,0,0,120.64," ""LED 5 s"""
121.02,0.224296,0.223978,0.220525,0.23071,0.184188,0.188321,0.182322,0.179057,0.168571,0.188673,0.184125,0.214839,0.200523,0.21023,0.189277,0.197989,0.200093,0.201161,0.182904,0.185697,0.185214,0.186918,0.192752,0.215547,0.173108,0.196269,0.190507,0,0,0,0,,
130.48,0.229332,0.231532,0.223737,0.238558,0.190445,0.197153,0.186762,0.183952,0.17292,0.193989,0.192515,0.239852,0.244884,0.245913,0.216904,0.240059,0.23844,0.227949,0.220504,0.205877,0.222947,0.222323,0.244651,0.247289,0.22431,0.232872,0.228042,0,0,0,0,,
132.48,0.228043,0.229233,0.222226,0.239201,0.190241,0.197059,0.185693,0.182117,0.170414,0.192249,0.193107,0.238291,0.241668,0.242307,0.220696,0.232933,0.239203,0.223095,0.216486,0.204929,0.218953,0.220513,0.239452,0.243421,0.218019,0.224679,0.217189,0,0,0,0,,
134.48,0.227544,0.229729,0.224037,0.237216,0.190483,0.200114,0.186707,0.181038,0.171576,0.191713,0.191184,0.236995,0.237716,0.240923,0.218195,0.228364,0.235413,0.219402,0.209868,0.20442,0.215305,0.213342,0.234322,0.241903,0.210371,0.217917,0.210741,0,0,0,0,,
136.48,0.226617,0.229287,0.221017,0.235037,0.190539,0.196908,0.185567,0.181268,0.170454,0.192394,0.193102,0.234004,0.234956,0.237489,0.214086,0.229568,0.236989,0.216324,0.209133,0.202407,0.212769,0.210071,0.232864,0.241296,0.202703,0.213568,0.203454,0,0,0,0,,
138.48,0.224926,0.22961,0.22047,0.234249,0.19088,0.196902,0.184513,0.18053,0.169092,0.19037,0.193193,0.231799,0.234461,0.233771,0.208235,0.225584,0.23496,0.212956,0.204636,0.202328,0.212572,0.207105,0.22946,0.241049,0.195549,0.208902,0.199421,0,0,0,0,,
140.48,0.225505,0.227334,0.2205,0.232584,0.191425,0.196469,0.182409,0.180477,0.168552,0.18977,0.192749,0.230272,0.233303,0.234341,0.202823,0.222905,0.232934,0.21427,0.203298,0.200297,0.207309,0.204989,0.229311,0.238713,0.192471,0.204568,0.192531,0,0,0,0,,
142.48,0.2268,0.228165,0.222085,0.235429,0.19187,0.196832,0.184666,0.180216,0.169066,0.190859,0.193139,0.229194,0.233418,0.233571,0.202098,0.222374,0.234967,0.212978,0.201919,0.202976,0.207131,0.202743,0.228713,0.23996,0.187191,0.204034,0.190478,0,0,0,0,,
144.48,0.225833,0.225268,0.221204,0.234806,0.192111,0.197478,0.183319,0.180412,0.169294,0.190934,0.193163,0.227669,0.231386,0.231464,0.19688,0.222922,0.235988,0.212348,0.199481,0.202526,0.204725,0.202429,0.225061,0.240853,0.184496,0.201109,0.188343,0,0,0,0,,
146.48,0.226252,0.22508,0.222336,0.233083,0.191312,0.196545,0.18336,0.179863,0.168921,0.190458,0.193416,0.225809,0.231134,0.231444,0.195058,0.220508,0.236808,0.210738,0.197124,0.201559,0.202069,0.200824,0.223001,0.241297,0.181857,0.198591,0.18644,0,0,0,0,,
148.48,0.226742,0.226101,0.220077,0.233477,0.191166,0.195402,0.184933,0.179716,0.168703,0.189936,0.193269,0.226234,0.231129,0.230907,0.192827,0.220055,0.236328,0.208954,0.197355,0.20029,0.200701,0.201318,0.222193,0.241519,0.181196,0.196797,0.186244,0,0,0,0,,
150.48,0.22658,0.226948,0.219854,0.234848,0.191624,0.196,0.182875,0.180244,0.170552,0.190332,0.194417,0.226813,0.229533,0.233424,0.192729,0.219521,0.236828,0.212305,0.19765,0.201969,0.20162,0.201101,0.223259,0.243165,0.181844,0.198273,0.183347,0,0,0,0,,
152.48,0.224843,0.227257,0.2199,0.235717,0.192175,0.195144,0.182826,0.179788,0.169654,0.190157,0.192945,0.225439,0.229381,0.229298,0.191175,0.218403,0.236738,0.209623,0.194691,0.200605,0.198217,0.198899,0.220453,0.24232,0.179543,0.19725,0.180998,0,0,0,0,,
154.48,0.226797,0.227513,0.22163,0.235862,0.190983,0.196878,0.183823,0.181387,0.16918,0.190824,0.193474,0.226495,0.229513,0.228902,0.190272,0.217944,0.238242,0.210085,0.196014,0.201158,0.199503,0.199529,0.221248,0.24422,0.177733,0.197573,0.181056,0,0,0,0,,
156.48,0.225795,0.226878,0.219127,0.234602,0.19074,0.195509,0.18423,0.180859,0.168288,0.189648,0.193712,0.224153,0.229698,0.223078,0.188961,0.216957,0.238897,0.208591,0.1951,0.199191,0.200551,0.200423,0.219231,0.243671,0.176953,0.196142,0.179207,0,0,0,0,,
158.48,0.226561,0.227703,0.219496,0.236382,0.188845,0.194659,0.181809,0.180404,0.168157,0.191435,0.192698,0.224372,0.228387,0.213585,0.18842,0.216625,0.238444,0.209617,0.194547,0.201398,0.198369,0.198084,0.21833,0.243619,0.175624,0.196641,0.177449,0,0,0,0,,
160.48,0.224592,0.225326,0.219545,0.234671,0.18901,0.194152,0.184085,0.180817,0.169588,0.190274,0.192051,0.223076,0.227723,0.21418,0.187838,0.215667,0.237422,0.20869,0.195301,0.199756,0.198136,0.198954,0.217073,0.245052,0.175744,0.195224,0.178147,0,0,0,0,,
162.48,0.226778,0.226616,0.219645,0.233031,0.189181,0.195262,0.182437,0.179445,0.169395,0.191513,0.192735,0.221003,0.228097,0.227629,0.187718,0.216493,0.237955,0.209473,0.193581,0.200277,0.197656,0.199236,0.218649,0.246197,0.175418,0.193633,0.177391,0,0,0,0,,
164.48,0.226093,0.226227,0.221781,0.234428,0.189684,0.194067,0.182569,0.180413,0.16891,0.189195,0.192671,0.224633,0.22609,0.230568,0.187732,0.215878,0.238105,0.208243,0.194831,0.200587,0.196526,0.19913,0.215109,0.245379,0.175834,0.194137,0.176063,0,0,0,0,,
166.48,0.226172,0.226108,0.220351,0.234672,0.18919,0.195141,0.182105,0.181433,0.16778,0.188568,0.19069,0.222346,0.224988,0.231002,0.186904,0.21661,0.239818,0.208836,0.1955,0.20103,0.194485,0.19973,0.215442,0.246216,0.17468,0.195488,0.176403,0,0,0,0,,
168.48,0.226281,0.22589,0.220687,0.232397,0.188456,0.194808,0.183098,0.179892,0.168074,0.189665,0.190684,0.221148,0.226973,0.227357,0.18593,0.214904,0.238936,0.209012,0.194165,0.199454,0.197181,0.198014,0.212901,0.247527,0.175671,0.194179,0.176073,0,0,0,0,,
170.48,0.22511,0.228135,0.218696,0.233285,0.188485,0.192345,0.183518,0.180166,0.169606,0.188406,0.190515,0.221424,0.224825,0.22613,0.186468,0.214729,0.240073,0.209506,0.195141,0.202095,0.195471,0.19822,0.21271,0.248071,0.175771,0.195117,0.174847,0,0,0,0,,
172.48,0.225667,0.225672,0.217518,0.230725,0.18865,0.19157,0.179642,0.179768,0.168533,0.18726,0.189702,0.219122,0.222942,0.226731,0.186824,0.211525,0.239179,0.207557,0.195101,0.201029,0.195085,0.195726,0.210359,0.245193,0.174947,0.193994,0.174691,0,0,0,0,,
174.48,0.225336,0.223954,0.21965,0.232735,0.186235,0.193076,0.182652,0.179292,0.168953,0.188728,0.19013,0.221765,0.222948,0.226559,0.186619,0.211069,0.239482,0.208735,0.194205,0.199606,0.19683,0.195986,0.20982,0.246874,0.173754,0.195429,0.173391,0,0,0,0,,
176.48,0.226403,0.225259,0.218388,0.231583,0.187412,0.193162,0.181591,0.17923,0.167928,0.188307,0.190271,0.21964,0.221794,0.226015,0.185006,0.211585,0.241116,0.207659,0.194628,0.201279,0.194925,0.19414,0.209102,0.247131,0.173421,0.195597,0.175671,0,0,0,0,,
178.48,0.225534,0.224722,0.219891,0.232749,0.188024,0.190622,0.182894,0.178057,0.167935,0.189972,0.189246,0.218127,0.223284,0.224711,0.185376,0.211017,0.240212,0.209297,0.192727,0.199402,0.197278,0.194794,0.20899,0.245745,0.173928,0.194225,0.174975,0,0,0,0,,
180.86,0.228183,0.223035,0.217497,0.233157,0.187043,0.192283,0.182205,0.1804,0.167876,0.188213,0.188667,0.219558,0.223172,0.225855,0.186994,0.210423,0.239,0.206975,0.19188,0.201168,0.198397,0.195547,0.209879,0.246935,0.173916,0.194559,0.175508,0,0,0,0,,
182.86,0.226529,0.226417,0.21923,0.233889,0.187479,0.193373,0.181865,0.180428,0.169594,0.190738,0.190125,0.219004,0.223933,0.227486,0.185788,0.211872,0.239086,0.206451,0.194398,0.20107,0.198179,0.196873,0.207693,0.245462,0.174964,0.195794,0.175259,0,0,0,0,,
184.86,0.22594,0.222557,0.219337,0.234124,0.186298,0.19294,0.182488,0.179724,0.168438,0.188931,0.188865,0.217285,0.219706,0.225375,0.186324,0.211028,0.240091,0.208442,0.193592,0.198858,0.196583,0.194831,0.207924,0.245767,0.173696,0.193907,0.17541,0,0,0,0,,
186.86,0.2254,0.224258,0.220274,0.232177,0.186688,0.192668,0.183143,0.179564,0.169377,0.189014,0.187728,0.220005,0.217231,0.226184,0.186886,0.211797,0.239308,0.207858,0.193242,0.200648,0.197539,0.195994,0.20908,0.24508,0.174478,0.195828,0.175176,0,0,0,0,,
188.99,0.227689,0.225477,0.218991,0.232883,0.185338,0.19327,0.183512,0.178667,0.169733,0.189725,0.188104,0.221319,0.215673,0.226557,0.18527,0.210898,0.240001,0.207658,0.193904,0.200722,0.19718,0.194796,0.207573,0.244131,0.174294,0.193944,0.177062,0,0,0,0,,
190.99,0.224535,0.224409,0.220105,0.232886,0.185074,0.192648,0.183678,0.17902,0.168671,0.189439,0.18855,0.217833,0.213323,0.223147,0.186956,0.21154,0.237141,0.206918,0.193498,0.199556,0.194811,0.195258,0.207104,0.244438,0.174138,0.194548,0.176602,0,0,0,0,,
192.99,0.226233,0.226336,0.219393,0.233037,0.185042,0.193277,0.184127,0.180939,0.168732,0.189772,0.18732,0.220045,0.215595,0.224047,0.186607,0.211174,0.237508,0.207884,0.193641,0.200859,0.195363,0.196079,0.206157,0.243417,0.175142,0.195816,0.178086,0,0,0,0,,
194.99,0.226319,0.224463,0.218202,0.231957,0.185579,0.1918,0.182632,0.178831,0.167492,0.188468,0.185454,0.216596,0.219096,0.222869,0.185714,0.208088,0.235592,0.205487,0.193142,0.197743,0.196282,0.194686,0.205288,0.240594,0.173942,0.195721,0.177321,0,0,0,0,,
196.99,0.224634,0.223298,0.219493,0.233083,0.184427,0.193449,0.180234,0.179633,0.168066,0.187237,0.186729,0.218842,0.221512,0.219933,0.186071,0.207163,0.23588,0.206752,0.192058,0.199911,0.194621,0.194903,0.203734,0.23965,0.17414,0.196236,0.177971,0,0,0,0,,
198.99,0.228156,0.227012,0.218363,0.231947,0.185049,0.195091,0.18273,0.182388,0.168453,0.189944,0.187384,0.220709,0.223097,0.221596,0.187184,0.207955,0.233055,0.207225,0.191086,0.203273,0.195321,0.194679,0.206376,0.240009,0.175608,0.197575,0.180268,0,0,0,0,,
200.99,0.226328,0.224864,0.220609,0.233543,0.18554,0.195171,0.1838,0.182212,0.170406,0.190803,0.187508,0.220967,0.222998,0.224761,0.18919,0.207996,0.234839,0.208309,0.192814,0.202219,0.196343,0.192783,0.206207,0.239603,0.176057,0.199787,0.181656,0,0,0,0,,
202.99,0.214697,0.212231,0.210014,0.220394,0.175519,0.182608,0.170594,0.169711,0.159019,0.177145,0.17565,0.208486,0.210363,0.212146,0.177055,0.194949,0.220494,0.194733,0.179905,0.190338,0.18272,0.183105,0.193981,0.224362,0.165661,0.185207,0.17089,0,0,0,0,,
204.99,0.215463,0.213272,0.210648,0.220265,0.174454,0.181995,0.173141,0.170656,0.158536,0.177618,0.17575,0.206877,0.208733,0.211254,0.17569,0.194934,0.218156,0.193938,0.180171,0.190011,0.182647,0.182326,0.193189,0.223273,0.165601,0.185673,0.16673,0,0,0,0,,
206.99,0.21392,0.213448,0.208253,0.220946,0.17479,0.180963,0.172562,0.169452,0.157816,0.177465,0.174935,0.205315,0.205632,0.20903,0.176318,0.193111,0.219114,0.193703,0.179364,0.188516,0.183495,0.181104,0.192015,0.221252,0.165668,0.184731,0.164647,0,0,0,0,,
208.99,0.213379,0.212649,0.208216,0.223633,0.174854,0.181605,0.172355,0.1708,0.15953,0.179008,0.176077,0.206249,0.205562,0.211558,0.175539,0.19498,0.21844,0.192987,0.180651,0.188645,0.181175,0.181251,0.191425,0.222591,0.165435,0.184868,0.169635,0,0,0,0,,
211.04,0.22482,0.224058,0.216953,0.232979,0.182909,0.190026,0.180687,0.177355,0.166843,0.188781,0.184111,0.213461,0.214295,0.220709,0.184166,0.204309,0.226286,0.20242,0.189244,0.196592,0.190127,0.191023,0.200249,0.229652,0.173058,0.194999,0.179063,0,0,0,0,,
213.04,0.222303,0.222022,0.217095,0.230331,0.183382,0.190379,0.180591,0.178075,0.167783,0.187988,0.185055,0.213485,0.213891,0.221074,0.184695,0.203789,0.226671,0.202852,0.186979,0.197404,0.187467,0.190863,0.199541,0.229221,0.173401,0.194648,0.183398,0,0,0,0,,
215.04,0.220716,0.217702,0.212991,0.22597,0.180956,0.187418,0.177869,0.176657,0.164942,0.183491,0.181146,0.214709,0.209999,0.216339,0.181969,0.20013,0.221871,0.198898,0.183001,0.193131,0.184133,0.18621,0.197531,0.224384,0.170962,0.192389,0.184951,0,0,0,0,,
217.04,0.22099,0.221139,0.21467,0.230667,0.183935,0.190116,0.179434,0.178129,0.166486,0.186658,0.183629,0.217099,0.210405,0.217805,0.182498,0.200637,0.220479,0.198762,0.183838,0.195603,0.185067,0.187515,0.197633,0.224095,0.171213,0.191039,0.189826,0,0,0,0,,
219.04,0.22204,0.220356,0.214378,0.229508,0.181187,0.1867,0.179252,0.178294,0.166844,0.185865,0.182082,0.21515,0.210186,0.217985,0.183358,0.19991,0.218435,0.199009,0.183237,0.195503,0.185368,0.186246,0.196596,0.224914,0.172779,0.191937,0.188552,0,0,0,0,,
221.04,0.22291,0.222215,0.216868,0.229926,0.182013,0.188532,0.179791,0.178156,0.166502,0.186398,0.183253,0.214202,0.212002,0.218581,0.18511,0.200161,0.219451,0.200638,0.183587,0.196335,0.183781,0.185663,0.196937,0.223013,0.173116,0.192116,0.189091,0,0,0,0,,
223.04,0.223563,0.21929,0.215763,0.229028,0.181933,0.186399,0.180502,0.178031,0.165705,0.185449,0.181204,0.212774,0.209746,0.216706,0.182688,0.196307,0.216726,0.198133,0.183144,0.194643,0.18362,0.183637,0.195585,0.222121,0.173041,0.19142,0.191562,0,0,0,0,,
225.04,0.223726,0.219164,0.217485,0.229091,0.181474,0.18863,0.180358,0.178681,0.167748,0.186579,0.183314,0.21481,0.20932,0.218341,0.184495,0.196452,0.215883,0.198485,0.182457,0.19445,0.186198,0.184304,0.196842,0.219959,0.172818,0.193667,0.191456,0,0,0,0,,
227.04,0.222099,0.216858,0.215639,0.229175,0.181457,0.187909,0.180846,0.177747,0.16602,0.184402,0.181622,0.212694,0.207407,0.217325,0.183386,0.196004,0.212252,0.196948,0.180065,0.194497,0.184256,0.183578,0.195146,0.218663,0.173064,0.190618,0.188106,0,0,0,0,,
229.04,0.223875,0.218977,0.216332,0.230032,0.180803,0.188162,0.179591,0.176802,0.166206,0.184182,0.182427,0.211638,0.204595,0.217467,0.183359,0.194486,0.208928,0.197686,0.179961,0.193324,0.183296,0.182623,0.19411,0.218856,0.171605,0.192834,0.187203,0,0,0,0,,
231.04,0.223737,0.219545,0.215806,0.22884,0.181438,0.188842,0.180173,0.177412,0.164799,0.185374,0.182302,0.210687,0.203851,0.216571,0.181875,0.193023,0.206208,0.196814,0.178977,0.192876,0.180601,0.182818,0.193886,0.217087,0.17202,0.192134,0.184875,0,0,0,0,,
233.04,0.219695,0.218419,0.217754,0.229598,0.182079,0.188198,0.180915,0.176947,0.166107,0.186192,0.182923,0.208872,0.203858,0.215049,0.183732,0.193551,0.20838,0.197963,0.17945,0.195888,0.181139,0.183199,0.192982,0.216654,0.172938,0.192948,0.189297,0,0,0,0,,
235.04,0.221246,0.220306,0.216428,0.230095,0.180515,0.187944,0.180023,0.177768,0.166532,0.186134,0.182268,0.210066,0.204109,0.216159,0.184166,0.193942,0.2055,0.196896,0.179682,0.192965,0.180234,0.182942,0.19275,0.215092,0.172871,0.191791,0.186722,0,0,0,0,,
237.04,0.221737,0.21969,0.213635,0.228629,0.181365,0.186453,0.179354,0.17717,0.166376,0.186681,0.182321,0.209243,0.201832,0.214435,0.183362,0.191885,0.204772,0.196558,0.179005,0.194411,0.180369,0.181759,0.190778,0.213181,0.171913,0.190542,0.185033,0,0,0,0,,
239.04,0.220457,0.220275,0.215685,0.228398,0.180577,0.187569,0.178127,0.177144,0.166628,0.183142,0.181481,0.209625,0.201004,0.213801,0.182963,0.191987,0.201458,0.196448,0.177641,0.195793,0.180661,0.180661,0.190862,0.211009,0.17172,0.18996,0.184037,0,0,0,0,,
241.04,0.222514,0.220077,0.21375,0.228722,0.1807,0.188784,0.178552,0.177,0.164721,0.183766,0.181275,0.205969,0.20166,0.214131,0.18182,0.189699,0.200531,0.193618,0.177601,0.192719,0.177085,0.179177,0.188632,0.20871,0.171392,0.188422,0.182201,0,0,0,0,,
243.04,0.22222,0.22085,0.214943,0.228536,0.18076,0.187845,0.178167,0.177623,0.16662,0.1853,0.182233,0.207159,0.200869,0.213387,0.182959,0.192136,0.201631,0.194551,0.176665,0.194263,0.179708,0.180479,0.1899,0.210118,0.173278,0.188561,0.181265,0,0,0,0,,
245.04,0.222957,0.218178,0.216047,0.229396,0.181718,0.187483,0.179322,0.177117,0.165541,0.185802,0.181633,0.207197,0.199616,0.21166,0.182585,0.189948,0.199225,0.193716,0.177426,0.192518,0.177869,0.178458,0.188786,0.208386,0.17134,0.188919,0.180109,0,0,0,0,,
247.04,0.223665,0.22012,0.217666,0.229242,0.181949,0.189592,0.178549,0.178282,0.166307,0.185107,0.181738,0.205331,0.198774,0.210379,0.180955,0.190697,0.199052,0.192635,0.177022,0.190598,0.179285,0.178428,0.187338,0.208859,0.172797,0.189101,0.179564,0,0,0,0,,
249.04,0.222825,0.221078,0.21711,0.228977,0.182598,0.187838,0.180644,0.178553,0.165058,0.184861,0.181533,0.204921,0.200799,0.212072,0.180839,0.189445,0.196073,0.194153,0.176369,0.192553,0.176321,0.178078,0.18877,0.206962,0.170868,0.188528,0.178099,0,0,0,0,,
251.04,0.221814,0.219933,0.217136,0.227106,0.181406,0.186514,0.178591,0.175688,0.165034,0.185093,0.181715,0.202885,0.199544,0.211359,0.181751,0.186129,0.195288,0.192466,0.174573,0.19113,0.177172,0.176697,0.186355,0.206652,0.172707,0.187444,0.176091,0,0,0,0,,
253.04,0.222689,0.219593,0.218873,0.228384,0.1825,0.188314,0.181646,0.177861,0.166877,0.184205,0.181805,0.204475,0.197454,0.211469,0.182878,0.185861,0.196728,0.192345,0.177101,0.190518,0.176025,0.176233,0.187583,0.206329,0.172358,0.187841,0.176867,0,0,0,0,,
255.04,0.22456,0.220568,0.216794,0.228035,0.182501,0.187241,0.181314,0.178419,0.164965,0.185131,0.182724,0.202747,0.198396,0.211938,0.183779,0.187352,0.193869,0.192561,0.176848,0.191444,0.178194,0.177005,0.187467,0.205186,0.173541,0.187852,0.175249,0,0,0,0,,
257.04,0.22184,0.220336,0.216501,0.227777,0.18069,0.187739,0.181218,0.178385,0.166571,0.185694,0.180269,0.203491,0.197716,0.209393,0.183195,0.187144,0.191051,0.192829,0.175805,0.189621,0.176404,0.175479,0.187087,0.20454,0.17221,0.186832,0.175553,0,0,0,0,,
259.04,0.220679,0.221131,0.215431,0.230286,0.180607,0.187705,0.181322,0.178281,0.165122,0.186077,0.182215,0.203013,0.197029,0.209224,0.1832,0.18755,0.19147,0.190392,0.176888,0.189895,0.176806,0.174605,0.186259,0.203052,0.172397,0.187113,0.176014,0,0,0,0,,
261.04,0.222366,0.217898,0.21738,0.227022,0.178368,0.186743,0.178982,0.177485,0.164985,0.18403,0.17986,0.202409,0.193677,0.205768,0.181819,0.186617,0.187772,0.189465,0.173927,0.18769,0.174991,0.172146,0.184225,0.201246,0.170495,0.187101,0.173185,0,0,0,0,,
263.04,0.222061,0.219315,0.21529,0.229812,0.180985,0.189714,0.181252,0.176739,0.165964,0.185718,0.181786,0.201785,0.193242,0.205344,0.183837,0.189155,0.189614,0.190241,0.174621,0.187256,0.176407,0.174219,0.185935,0.201158,0.174391,0.186178,0.172364,0,0,0,0,,
265.04,0.221484,0.219657,0.216456,0.227863,0.181193,0.188485,0.179387,0.176265,0.164917,0.183021,0.180963,0.199966,0.193187,0.205592,0.183244,0.186377,0.186906,0.187319,0.174721,0.187286,0.175506,0.170802,0.185371,0.200501,0.171678,0.184803,0.17255,0,0,0,0,,
267.04,0.222245,0.220621,0.217372,0.229174,0.182126,0.189409,0.180453,0.178198,0.165673,0.184297,0.181682,0.201935,0.190794,0.205813,0.183512,0.187929,0.187662,0.189026,0.174861,0.185897,0.174568,0.174614,0.185261,0.200905,0.172802,0.183782,0.172716,0,0,0,0,,
269.04,0.223012,0.219899,0.218563,0.229502,0.180944,0.187254,0.182338,0.178357,0.167008,0.186285,0.180907,0.19974,0.191833,0.207954,0.184412,0.187586,0.186542,0.187566,0.174846,0.184936,0.17576,0.174151,0.184884,0.200768,0.173273,0.185456,0.17131,0,0,0,0,,
271.04,0.221007,0.216374,0.216255,0.227717,0.179835,0.185392,0.17695,0.175812,0.166515,0.184065,0.18044,0.196998,0.189694,0.204765,0.181209,0.186132,0.183397,0.186127,0.17293,0.184669,0.173989,0.169658,0.184228,0.196443,0.171316,0.183375,0.1719,0,0,0,0,,
273.04,0.21924,0.217694,0.215961,0.227293,0.180039,0.187694,0.179926,0.175589,0.165674,0.183902,0.179267,0.198326,0.18809,0.202222,0.182086,0.184642,0.180746,0.18523,0.17168,0.186459,0.175038,0.170431,0.183068,0.197055,0.172868,0.182691,0.171393,0,0,0,0,,
275.04,0.220058,0.216799,0.215622,0.229358,0.180371,0.189342,0.179449,0.177391,0.1655,0.185507,0.180736,0.196719,0.188625,0.204473,0.182079,0.186779,0.180803,0.184539,0.171997,0.184928,0.174699,0.171768,0.18459,0.196891,0.172207,0.183297,0.171357,0,0,0,0,,
277.04,0.220774,0.218474,0.216962,0.226556,0.181274,0.187245,0.180353,0.176865,0.164682,0.18348,0.180412,0.196943,0.189475,0.202494,0.181991,0.184644,0.178587,0.185384,0.172622,0.185137,0.173917,0.170366,0.182452,0.194775,0.17199,0.180794,0.170474,0,0,0,0,,
279.04,0.221591,0.218386,0.216825,0.230425,0.180518,0.189263,0.180355,0.17685,0.167273,0.184522,0.180348,0.196319,0.187561,0.199551,0.182385,0.185003,0.178545,0.184506,0.171682,0.185893,0.174403,0.171958,0.183777,0.195362,0.171238,0.183305,0.170988,0,0,0,0,,
281.04,0.221721,0.219437,0.21651,0.228646,0.180946,0.187664,0.180359,0.175463,0.165346,0.184213,0.180501,0.196133,0.188154,0.200003,0.183077,0.1844,0.179095,0.183417,0.172251,0.183704,0.174571,0.171526,0.184612,0.195618,0.17317,0.182006,0.170347,0,0,0,0,,
283.04,0.221111,0.218465,0.216949,0.226543,0.179784,0.18711,0.178806,0.175522,0.164998,0.183306,0.179795,0.194997,0.186937,0.199651,0.181854,0.183323,0.177507,0.183944,0.171981,0.181014,0.172294,0.168677,0.183446,0.193321,0.171477,0.18062,0.170472,0,0,0,0,,
285.04,0.221347,0.219825,0.216258,0.227725,0.181122,0.187297,0.18247,0.177295,0.167027,0.184969,0.18053,0.194243,0.187133,0.201928,0.183091,0.184099,0.178033,0.186344,0.171878,0.182935,0.174611,0.170466,0.183717,0.193112,0.17402,0.181016,0.171166,0,0,0,0,,
287.04,0.221971,0.219111,0.217094,0.226465,0.18013,0.186826,0.180487,0.178387,0.165876,0.182812,0.180588,0.192373,0.187273,0.200372,0.183043,0.184278,0.176015,0.183669,0.171299,0.17984,0.173026,0.17017,0.182558,0.19277,0.172835,0.178612,0.171222,0,0,0,0,,
289.04,0.221816,0.21819,0.216686,0.23007,0.181311,0.188154,0.179319,0.175924,0.165934,0.183805,0.178978,0.193926,0.185912,0.200476,0.180429,0.182867,0.176306,0.183418,0.170787,0.18101,0.174072,0.170494,0.183242,0.19167,0.172193,0.181328,0.17007,0,0,0,0,,
291.04,0.219749,0.21937,0.21545,0.228773,0.179839,0.186868,0.179049,0.177014,0.164949,0.185047,0.179697,0.193569,0.186798,0.197703,0.182261,0.183497,0.173306,0.18344,0.172378,0.182934,0.1727,0.168526,0.182543,0.191736,0.172395,0.180408,0.168988,0,0,0,0,,
293.04,0.220911,0.221154,0.217552,0.228707,0.181044,0.189388,0.180526,0.177228,0.16625,0.18497,0.180893,0.193856,0.187437,0.195963,0.182966,0.1825,0.174386,0.182173,0.171463,0.181997,0.173188,0.169349,0.182067,0.192409,0.172664,0.179923,0.169884,0,0,0,0,,
295.04,0.222075,0.219569,0.218262,0.228093,0.178464,0.18771,0.181357,0.175844,0.164771,0.183146,0.178818,0.190799,0.18662,0.19588,0.181737,0.182386,0.17354,0.183221,0.170673,0.180997,0.172323,0.168193,0.18245,0.190349,0.173228,0.17967,0.168409,0,0,0,0,,
297.04,0.221308,0.220927,0.216695,0.227795,0.178833,0.189856,0.177728,0.176567,0.163779,0.183529,0.179311,0.189997,0.1856,0.192519,0.18198,0.181451,0.173465,0.182242,0.168691,0.180775,0.172893,0.167332,0.181355,0.190973,0.172571,0.179791,0.168797,0,0,0,0,,
299.04,0.22318,0.220127,0.217478,0.229002,0.179643,0.188792,0.179782,0.178765,0.1678,0.184356,0.180254,0.19246,0.18753,0.192113,0.184754,0.183291,0.175014,0.18255,0.170317,0.181467,0.174513,0.170792,0.182564,0.191809,0.173438,0.180713,0.171646,0,0,0,0,,
301.04,0.221268,0.21972,0.216226,0.227757,0.179365,0.188398,0.178896,0.177543,0.166432,0.184983,0.180331,0.19168,0.185773,0.192536,0.183506,0.183175,0.17274,0.182991,0.171,0.180311,0.173388,0.170026,0.181793,0.189908,0.173015,0.180114,0.170067,0,0,0,0,,
303.04,0.219653,0.218903,0.217147,0.229875,0.178868,0.187017,0.178561,0.177322,0.165711,0.184271,0.179331,0.190345,0.184344,0.191282,0.182879,0.182622,0.1705,0.181884,0.169413,0.180899,0.172884,0.168117,0.183391,0.188681,0.174086,0.179919,0.168859,0,0,0,0,,
305.04,0.222756,0.220825,0.21675,0.229594,0.180377,0.188477,0.181597,0.178811,0.165271,0.184694,0.180522,0.190619,0.184894,0.192311,0.183039,0.181407,0.170629,0.182377,0.171312,0.178837,0.172645,0.169751,0.181811,0.190317,0.172592,0.17856,0.169703,0,0,0,0,,
307.04,0.222022,0.22055,0.216784,0.228503,0.179769,0.188311,0.179976,0.17724,0.164975,0.183555,0.178938,0.188253,0.184486,0.18766,0.182503,0.181487,0.169092,0.182514,0.170123,0.177664,0.173003,0.168163,0.18096,0.187478,0.172142,0.178919,0.169544,0,0,0,0,,
309.04,0.222031,0.219587,0.215135,0.229744,0.180558,0.189087,0.179908,0.177564,0.165469,0.185383,0.179375,0.186511,0.184541,0.190548,0.183074,0.182836,0.1708,0.182185,0.170304,0.179092,0.173516,0.169688,0.182893,0.189708,0.172705,0.180676,0.172332,0,0,0,0,,
311.04,0.221722,0.221457,0.217114,0.230734,0.179836,0.188798,0.179222,0.177239,0.166748,0.184732,0.178575,0.186045,0.183671,0.189147,0.182485,0.181182,0.169556,0.18208,0.171534,0.178766,0.173854,0.169165,0.182746,0.189176,0.17472,0.179291,0.172353,0,0,0,0,,
313.04,0.22154,0.219753,0.217363,0.229433,0.17989,0.189377,0.181178,0.177975,0.166811,0.183789,0.178947,0.185417,0.184172,0.187666,0.183101,0.181314,0.169169,0.18203,0.169309,0.178677,0.173102,0.16759,0.182122,0.187928,0.173829,0.179379,0.174505,0,0,0,0,,
315.04,0.223807,0.219914,0.218498,0.231643,0.179768,0.191312,0.179705,0.177375,0.165632,0.185328,0.180375,0.183597,0.185946,0.189784,0.183585,0.183807,0.168752,0.182928,0.171276,0.177718,0.176158,0.168305,0.182937,0.188429,0.172214,0.17999,0.177763,0,0,0,0,,
317.04,0.223628,0.22053,0.217135,0.231434,0.179998,0.189607,0.17966,0.178082,0.165088,0.183676,0.17963,0.183274,0.184115,0.189827,0.182541,0.181888,0.166238,0.183053,0.170563,0.177174,0.173426,0.168988,0.183115,0.185984,0.173658,0.178093,0.180935,0,0,0,0,,
319.04,0.225167,0.221439,0.218173,0.232793,0.180745,0.190818,0.180878,0.17767,0.166422,0.184633,0.180995,0.182976,0.1863,0.186432,0.18368,0.182723,0.169356,0.182741,0.171881,0.17911,0.174244,0.16965,0.184173,0.188312,0.172848,0.179969,0.184206,0,0,0,0,,
321.04,0.221503,0.219733,0.215187,0.229671,0.179081,0.187217,0.178981,0.176829,0.16452,0.18324,0.178113,0.18222,0.18407,0.185635,0.183296,0.181927,0.164897,0.182107,0.168889,0.17604,0.172914,0.167875,0.18269,0.186261,0.173216,0.179087,0.185014,0,0,0,0,,
323.04,0.223587,0.220039,0.216359,0.231428,0.17829,0.188843,0.180017,0.178161,0.165759,0.185105,0.179343,0.184071,0.183327,0.185017,0.182213,0.182016,0.166639,0.18118,0.171327,0.177048,0.174011,0.167195,0.182335,0.187015,0.173669,0.179033,0.189082,0,0,0,0,,
325.04,0.223354,0.218554,0.215972,0.230812,0.180758,0.187225,0.180171,0.178066,0.16615,0.184539,0.179228,0.180517,0.184049,0.185965,0.182834,0.181756,0.165992,0.182069,0.170754,0.177527,0.1728,0.168351,0.181682,0.186038,0.173335,0.178958,0.193829,0,0,0,0,,
327.04,0.224184,0.22053,0.216927,0.231947,0.180609,0.187624,0.180625,0.177868,0.166866,0.184237,0.179039,0.178194,0.182681,0.185682,0.18333,0.18075,0.167654,0.182566,0.170375,0.175656,0.174193,0.16813,0.182033,0.185576,0.171901,0.178857,0.193468,0,0,0,0,,
329.04,0.222513,0.220137,0.215323,0.229724,0.179416,0.189533,0.181151,0.17739,0.165066,0.183107,0.179213,0.178414,0.183546,0.184792,0.182349,0.180019,0.167314,0.182881,0.168537,0.173487,0.170842,0.168326,0.181897,0.183884,0.17053,0.179932,0.191138,0,0,0,0,,
331.04,0.222942,0.219255,0.213582,0.232456,0.178612,0.18706,0.179697,0.176204,0.165173,0.184914,0.179536,0.180456,0.181913,0.183222,0.181885,0.180346,0.166342,0.181352,0.169061,0.175082,0.171313,0.168109,0.180438,0.185238,0.172023,0.1797,0.189696,0,0,0,0,,
333.04,0.223193,0.217821,0.215766,0.230016,0.178531,0.189392,0.178963,0.177457,0.165261,0.183244,0.179095,0.178003,0.183441,0.182604,0.182078,0.181882,0.165011,0.183081,0.168291,0.175477,0.173018,0.16741,0.182139,0.183985,0.171879,0.180525,0.188502,0,0,0,0,,
335.04,0.223763,0.218671,0.214515,0.232246,0.179418,0.189908,0.18126,0.177548,0.167085,0.185343,0.179511,0.178657,0.185348,0.184623,0.183488,0.182373,0.166391,0.182732,0.170789,0.174213,0.173436,0.167786,0.18191,0.185172,0.173763,0.179554,0.186653,0,0,0,0,,
337.04,0.223746,0.219052,0.217681,0.232348,0.179618,0.188145,0.179464,0.177942,0.16698,0.186686,0.179913,0.178474,0.185363,0.185058,0.183078,0.182067,0.164838,0.183893,0.169983,0.17415,0.173313,0.167576,0.182908,0.185818,0.173232,0.180581,0.183521,0,0,0,0,,
339.04,0.224901,0.219427,0.21579,0.233385,0.180834,0.189258,0.18193,0.17826,0.169163,0.185432,0.181433,0.179539,0.185013,0.182141,0.185348,0.183708,0.167396,0.184671,0.170165,0.175303,0.174928,0.169036,0.184935,0.188495,0.175543,0.185734,0.18197,0,0,0,0,,
341.04,0.225706,0.222439,0.218415,0.234587,0.18213,0.193092,0.183325,0.180725,0.170021,0.186666,0.181467,0.179199,0.186701,0.182972,0.186565,0.184026,0.168976,0.185117,0.171806,0.17477,0.177161,0.170953,0.183786,0.187724,0.177014,0.186854,0.181573,0,0,0,0,,
343.04,0.2253,0.22118,0.218092,0.2325,0.180598,0.18938,0.181177,0.178922,0.167661,0.184697,0.180259,0.179048,0.185641,0.182066,0.184156,0.182594,0.167526,0.184008,0.172499,0.173938,0.175736,0.16791,0.184728,0.186071,0.17574,0.186731,0.180965,0,0,0,0,,
345.04,0.223924,0.220975,0.217058,0.23198,0.180518,0.189531,0.179819,0.178126,0.167492,0.185456,0.18019,0.177109,0.184029,0.182944,0.183469,0.18179,0.16476,0.183415,0.169403,0.173877,0.174981,0.169918,0.182623,0.185091,0.174656,0.18753,0.176456,0,0,0,0,,
347.04,0.223211,0.221002,0.217288,0.229802,0.179927,0.189277,0.178707,0.176478,0.167438,0.186206,0.17974,0.177757,0.184354,0.1813,0.184306,0.182041,0.164965,0.183995,0.170168,0.173495,0.174983,0.169773,0.182928,0.184803,0.174076,0.188328,0.177793,0,0,0,0,,
349.04,0.221721,0.219554,0.216717,0.231707,0.180592,0.1892,0.181587,0.177816,0.16691,0.186662,0.179578,0.17817,0.183279,0.180136,0.184843,0.183545,0.165955,0.183416,0.169812,0.172273,0.174697,0.167776,0.182774,0.185763,0.173935,0.187884,0.17406,0,1,0,0,351.75," ""LED 10 s"""
351.75,0.221383,0.220972,0.21736,0.230378,0.180039,0.187679,0.180647,0.178153,0.166885,0.185434,0.179013,0.177445,0.183801,0.181031,0.183874,0.182468,0.163338,0.18354,0.170053,0.174031,0.174941,0.168148,0.182486,0.184622,0.174239,0.189522,0.17551,0,0,0,0,,
366.65,0.231361,0.22789,0.226974,0.239076,0.187864,0.19744,0.189476,0.185832,0.173658,0.192386,0.18771,0.22272,0.233935,0.233221,0.192225,0.221191,0.188818,0.214078,0.198398,0.183191,0.1975,0.192893,0.222385,0.236886,0.183349,0.205961,0.212576,0,0,0,0,,
368.65,0.229462,0.225042,0.221786,0.236528,0.185451,0.196822,0.186662,0.18306,0.172432,0.19014,0.1847,0.213276,0.227118,0.223333,0.190659,0.223686,0.188596,0.20787,0.200447,0.181544,0.200585,0.192776,0.224179,0.228119,0.182883,0.200183,0.206634,0,0,0,0,,
370.65,0.228282,0.226498,0.222419,0.236539,0.184642,0.195754,0.185598,0.182645,0.171274,0.190086,0.18404,0.208053,0.220475,0.218167,0.190598,0.218289,0.188086,0.202938,0.196883,0.179541,0.196853,0.191983,0.219344,0.222562,0.181807,0.196565,0.199947,0,0,0,0,,
372.65,0.227066,0.225426,0.221366,0.23507,0.185098,0.193394,0.18412,0.18187,0.171914,0.188301,0.184064,0.198623,0.215931,0.208872,0.189613,0.213449,0.18551,0.196376,0.192064,0.178821,0.195668,0.188453,0.21285,0.216184,0.182593,0.192125,0.19358,0,0,0,0,,
374.65,0.225998,0.224665,0.219655,0.235979,0.185013,0.193341,0.184994,0.181547,0.170702,0.18934,0.183451,0.192601,0.211022,0.204207,0.190088,0.206998,0.183148,0.192379,0.188697,0.178266,0.19301,0.186393,0.207974,0.211858,0.181816,0.188726,0.188243,0,0,0,0,,
376.65,0.22688,0.224751,0.220689,0.2337,0.185038,0.191666,0.185315,0.181405,0.169766,0.188927,0.185427,0.188341,0.203622,0.196049,0.189755,0.202229,0.17991,0.190666,0.183972,0.176896,0.188016,0.182474,0.203343,0.208554,0.18225,0.186191,0.183362,0,0,0,0,,
378.65,0.225485,0.224324,0.219293,0.23165,0.183393,0.194289,0.185731,0.180386,0.170578,0.188513,0.183091,0.182826,0.200063,0.19226,0.18794,0.197943,0.17711,0.187968,0.181037,0.175383,0.183946,0.178746,0.200092,0.204969,0.18024,0.180479,0.179754,0,0,0,0,,
380.65,0.227533,0.224003,0.21935,0.233103,0.183487,0.191592,0.185678,0.18065,0.170353,0.18744,0.183949,0.180839,0.198653,0.188219,0.187455,0.194611,0.17684,0.188071,0.17778,0.173812,0.183413,0.177469,0.196791,0.202565,0.179406,0.180431,0.177759,0,0,0,0,,
382.65,0.224082,0.22489,0.220409,0.235542,0.183375,0.191764,0.184502,0.180406,0.17065,0.188423,0.184263,0.177924,0.193787,0.185631,0.187789,0.191537,0.174152,0.184743,0.17627,0.174847,0.182596,0.176374,0.195045,0.201743,0.180172,0.17908,0.176797,0,0,0,0,,
384.65,0.223733,0.222501,0.219593,0.232486,0.181924,0.192021,0.184545,0.180384,0.169855,0.187066,0.182477,0.174565,0.189931,0.180881,0.186879,0.188437,0.170996,0.183263,0.172989,0.172782,0.17824,0.1749,0.190991,0.197575,0.17862,0.177121,0.173399,0,0,0,0,,
386.65,0.226668,0.224818,0.217838,0.232393,0.18331,0.194226,0.184988,0.180211,0.168852,0.188199,0.183365,0.173413,0.18741,0.182544,0.187828,0.188758,0.170498,0.184489,0.175192,0.171989,0.177763,0.173182,0.191535,0.196318,0.180887,0.178937,0.173516,0,0,0,0,,
388.65,0.224945,0.22324,0.219119,0.233763,0.182167,0.191049,0.183629,0.180196,0.17068,0.18757,0.181944,0.170704,0.185631,0.178643,0.187377,0.186373,0.166988,0.183961,0.173174,0.169197,0.177784,0.171958,0.190578,0.192662,0.178115,0.176218,0.172667,0,0,0,0,,
390.65,0.224701,0.225325,0.217213,0.234616,0.181971,0.192199,0.183458,0.181382,0.170717,0.187323,0.18155,0.170818,0.184497,0.17825,0.188373,0.185693,0.166212,0.184087,0.172511,0.170998,0.17761,0.171186,0.188258,0.191559,0.177196,0.176659,0.170347,0,0,0,0,,
392.65,0.225283,0.223551,0.218477,0.235001,0.181679,0.191525,0.184235,0.182049,0.171258,0.188808,0.17981,0.168919,0.183665,0.176595,0.186599,0.185478,0.164656,0.184032,0.171765,0.16985,0.175715,0.170538,0.186076,0.188667,0.177165,0.178414,0.169032,0,0,0,0,,
394.65,0.225563,0.22455,0.218216,0.234748,0.182609,0.192568,0.184549,0.182615,0.169498,0.189204,0.183071,0.169626,0.184801,0.176443,0.188503,0.183896,0.166136,0.183744,0.172072,0.169672,0.177386,0.170796,0.185408,0.189044,0.177998,0.177585,0.168754,0,0,0,0,,
396.65,0.224654,0.222478,0.218771,0.23378,0.18327,0.190087,0.182066,0.181951,0.169263,0.187886,0.182662,0.169422,0.183247,0.174735,0.187634,0.183585,0.164116,0.183444,0.172433,0.168525,0.175703,0.170999,0.185659,0.186478,0.177264,0.175009,0.168455,0,0,0,0,,
398.65,0.224078,0.225745,0.21874,0.231759,0.183165,0.192005,0.183589,0.181542,0.170858,0.189159,0.181327,0.168668,0.18232,0.17334,0.186798,0.182632,0.163315,0.183316,0.172433,0.165285,0.175982,0.170346,0.185932,0.186063,0.176781,0.174387,0.168144,0,0,0,0,,
400.65,0.225409,0.222807,0.216862,0.232836,0.181647,0.190444,0.183156,0.181805,0.169777,0.18725,0.181691,0.167708,0.182159,0.174619,0.187195,0.182637,0.163384,0.182793,0.172333,0.164541,0.175529,0.170242,0.185019,0.184678,0.176884,0.173482,0.166806,0,0,0,0,,
402.65,0.224014,0.224463,0.219095,0.233668,0.182421,0.191924,0.183852,0.181389,0.16927,0.186835,0.182179,0.168495,0.181615,0.173435,0.18708,0.182651,0.16292,0.182094,0.169997,0.164138,0.175869,0.168863,0.184391,0.183915,0.176501,0.17502,0.167353,0,0,0,0,,
404.65,0.225847,0.225592,0.219438,0.232901,0.182448,0.192342,0.182996,0.182292,0.171912,0.188524,0.181844,0.16949,0.183682,0.173418,0.188072,0.182745,0.164699,0.183934,0.174504,0.163692,0.178122,0.171031,0.185366,0.184883,0.17903,0.176728,0.168293,0,0,0,0,,
406.65,0.225587,0.225585,0.21744,0.234237,0.182436,0.192834,0.185078,0.183196,0.173408,0.190391,0.183771,0.172077,0.184152,0.175065,0.190432,0.18444,0.164136,0.185741,0.174314,0.166732,0.178907,0.171801,0.186536,0.185635,0.179539,0.177351,0.169186,0,0,0,0,,
408.65,0.226889,0.225001,0.218414,0.232297,0.183514,0.193488,0.186681,0.182746,0.172004,0.189573,0.182844,0.169482,0.184162,0.174486,0.189007,0.183867,0.16411,0.18599,0.173348,0.166986,0.176702,0.171133,0.186126,0.183985,0.176955,0.176824,0.168325,0,0,0,0,,
410.65,0.231165,0.229793,0.223132,0.238194,0.186233,0.196303,0.190111,0.18674,0.175925,0.193336,0.188123,0.173896,0.186995,0.177259,0.192217,0.187129,0.167204,0.190096,0.176173,0.170042,0.180269,0.173196,0.190686,0.189108,0.182661,0.181759,0.172209,0,0,0,0,,
413.17,0.22553,0.227314,0.220174,0.233927,0.182866,0.193382,0.185852,0.183781,0.172934,0.189584,0.183173,0.169657,0.184243,0.174372,0.190042,0.183641,0.162598,0.184726,0.174666,0.165542,0.17926,0.172446,0.186575,0.185314,0.180902,0.178951,0.168157,0,0,0,0,,
415.17,0.227816,0.224712,0.218932,0.232476,0.182488,0.193884,0.18382,0.182308,0.171802,0.188284,0.182456,0.169112,0.183008,0.173797,0.189228,0.184095,0.162661,0.185897,0.172245,0.163638,0.177418,0.173981,0.185263,0.18418,0.177679,0.177609,0.167288,0,0,0,0,,
417.17,0.225923,0.224443,0.219102,0.232994,0.183664,0.193763,0.186309,0.183745,0.172983,0.190017,0.183553,0.17098,0.183652,0.172933,0.188604,0.184464,0.16238,0.186312,0.172944,0.166688,0.178175,0.175772,0.185723,0.184809,0.178755,0.179216,0.170557,0,0,0,0,,
419.17,0.225298,0.224784,0.219557,0.232499,0.183734,0.194253,0.18641,0.183682,0.173022,0.189478,0.182419,0.168391,0.180982,0.171302,0.188994,0.18379,0.162689,0.185724,0.174007,0.164328,0.176767,0.17601,0.185439,0.18494,0.178742,0.178671,0.169517,0,0,0,0,,
421.17,0.22574,0.223716,0.217392,0.231086,0.1818,0.192015,0.182582,0.179857,0.171441,0.183017,0.177695,0.166426,0.183149,0.172438,0.18631,0.183093,0.161286,0.185309,0.173905,0.165375,0.175228,0.173546,0.18592,0.183065,0.178489,0.176639,0.166836,0,0,0,0,,
423.17,0.225946,0.223575,0.219465,0.233086,0.183318,0.192959,0.186209,0.181417,0.168865,0.189701,0.18311,0.168391,0.182641,0.172169,0.188779,0.18438,0.161424,0.184789,0.174264,0.16365,0.177174,0.175487,0.184768,0.184516,0.177952,0.178121,0.169337,0,0,0,0,,
425.17,0.225656,0.223785,0.218075,0.232481,0.183544,0.194525,0.185284,0.182309,0.171329,0.188856,0.182514,0.169097,0.181521,0.172523,0.188907,0.183663,0.159929,0.185146,0.173612,0.163142,0.176875,0.174016,0.186343,0.183217,0.178548,0.177799,0.169454,0,0,0,0,,
427.17,0.226541,0.22763,0.22243,0.23754,0.186272,0.198947,0.190371,0.187404,0.174076,0.192805,0.186624,0.171932,0.186238,0.176887,0.192473,0.187671,0.163677,0.189886,0.176862,0.168264,0.180933,0.177634,0.189457,0.187601,0.184126,0.182312,0.17284,0,0,0,0,,
429.17,0.223785,0.22117,0.215267,0.232355,0.18046,0.191884,0.183573,0.180313,0.170902,0.187706,0.181772,0.166819,0.181267,0.170379,0.186662,0.183496,0.159296,0.184384,0.172178,0.162466,0.176391,0.17268,0.183696,0.181484,0.178078,0.177058,0.167669,0,0,0,0,,
431.17,0.226938,0.225055,0.221273,0.234609,0.184994,0.196288,0.187057,0.18488,0.173546,0.191235,0.185069,0.171042,0.184839,0.17518,0.19094,0.186839,0.164123,0.188819,0.17554,0.16496,0.179016,0.176407,0.188707,0.186064,0.179699,0.181856,0.172686,0,0,0,0,,
433.17,0.228583,0.224545,0.22094,0.236223,0.186594,0.196782,0.188537,0.187676,0.175921,0.193337,0.187203,0.171187,0.1868,0.17719,0.19271,0.189104,0.164558,0.189625,0.177921,0.170921,0.181777,0.175856,0.189838,0.188269,0.182053,0.181954,0.174433,0,0,0,0,,
435.17,0.224138,0.224635,0.219518,0.232187,0.183581,0.194696,0.182525,0.183894,0.172917,0.190287,0.183731,0.168234,0.183102,0.172914,0.189579,0.1842,0.161212,0.185451,0.173577,0.16487,0.176921,0.173012,0.185768,0.184396,0.179686,0.180871,0.17025,0,0,0,0,,
437.17,0.225313,0.222582,0.21574,0.232174,0.18134,0.192898,0.183614,0.181264,0.170571,0.187014,0.181967,0.166738,0.181196,0.170504,0.187842,0.181828,0.15905,0.183667,0.171081,0.161281,0.173146,0.170649,0.183957,0.180961,0.176674,0.177841,0.168803,0,0,0,0,,
439.17,0.221197,0.220117,0.215342,0.229827,0.181571,0.19188,0.181834,0.181813,0.16896,0.18668,0.180703,0.16652,0.179126,0.170241,0.184448,0.180865,0.158883,0.182776,0.170341,0.162423,0.174737,0.169279,0.183193,0.1814,0.176072,0.178641,0.167011,0,0,0,0,,
441.17,0.225537,0.221909,0.216264,0.233226,0.184278,0.194481,0.185475,0.183189,0.170517,0.189117,0.184334,0.167853,0.182209,0.173447,0.188835,0.185142,0.160646,0.185499,0.175111,0.164728,0.176243,0.172693,0.18664,0.183427,0.178647,0.182253,0.170172,0,0,0,0,,
443.17,0.221559,0.220228,0.216052,0.230667,0.180647,0.191512,0.181804,0.180608,0.16933,0.187231,0.182642,0.167286,0.178313,0.170354,0.18584,0.180808,0.159589,0.183893,0.17106,0.163086,0.173208,0.169828,0.182629,0.182518,0.174519,0.181308,0.16922,0,0,0,0,,
445.17,0.225755,0.220582,0.215375,0.231626,0.182054,0.193527,0.185645,0.1797,0.170292,0.187241,0.182091,0.166741,0.181286,0.171159,0.187213,0.181433,0.158515,0.184065,0.172437,0.164213,0.174848,0.171679,0.183877,0.18105,0.17701,0.182261,0.172318,0,0,0,0,,
447.17,0.224994,0.222207,0.214215,0.232389,0.1815,0.192551,0.1838,0.182583,0.16916,0.189006,0.181257,0.168268,0.1819,0.169971,0.187187,0.182504,0.159229,0.184541,0.17226,0.163497,0.175794,0.171795,0.184935,0.181796,0.177986,0.183839,0.17246,0,0,0,0,,
449.17,0.227193,0.222973,0.215754,0.233707,0.184266,0.195033,0.185853,0.18253,0.172423,0.187553,0.181976,0.167776,0.181426,0.172132,0.188419,0.182966,0.161364,0.184258,0.174165,0.163376,0.177373,0.17195,0.185891,0.183807,0.177446,0.1852,0.172551,0,0,0,0,,
451.17,0.22471,0.221657,0.216545,0.232742,0.182023,0.195592,0.183711,0.181212,0.171501,0.187747,0.181321,0.16621,0.181323,0.171198,0.187219,0.181741,0.159678,0.185349,0.171967,0.162205,0.173627,0.17191,0.185134,0.18253,0.178473,0.185252,0.173296,0,0,0,0,,
453.17,0.221976,0.220857,0.214635,0.231432,0.180816,0.19507,0.183676,0.181985,0.168833,0.186529,0.180933,0.167477,0.177857,0.168825,0.18677,0.181667,0.158625,0.181309,0.170631,0.161301,0.174433,0.169302,0.182886,0.180745,0.177606,0.186981,0.172317,0,0,0,0,,
455.17,0.223539,0.223009,0.216572,0.233981,0.182283,0.194413,0.184405,0.183204,0.171595,0.188765,0.182212,0.167267,0.181954,0.17314,0.187728,0.182452,0.159116,0.184377,0.172228,0.160917,0.176326,0.172155,0.184949,0.183103,0.176743,0.188082,0.17656,0,0,0,0,,
457.18,0.227683,0.227136,0.219201,0.236033,0.186342,0.195774,0.185748,0.18521,0.174531,0.190144,0.184303,0.168837,0.183183,0.173891,0.190263,0.184975,0.161545,0.187875,0.174968,0.163838,0.179516,0.173424,0.187224,0.185145,0.179769,0.192025,0.179562,0,0,0,0,,
459.18,0.222786,0.223024,0.216405,0.231846,0.180172,0.191796,0.181201,0.181605,0.169074,0.186185,0.181196,0.164008,0.179373,0.16897,0.18617,0.181859,0.157922,0.183957,0.17022,0.161244,0.173684,0.169978,0.183572,0.180483,0.176428,0.189366,0.179398,0,0,0,0,,
461.18,0.219997,0.220283,0.214757,0.231714,0.18125,0.193648,0.182614,0.180126,0.169824,0.187094,0.180863,0.166461,0.178479,0.170064,0.186635,0.180172,0.158112,0.183582,0.169753,0.16296,0.174518,0.170432,0.183733,0.180705,0.175255,0.192446,0.183911,0,0,0,0,,
463.18,0.22154,0.221461,0.215711,0.230797,0.180869,0.1915,0.182659,0.181107,0.168733,0.186573,0.181473,0.166058,0.179514,0.168568,0.185802,0.182006,0.158418,0.182033,0.17107,0.165236,0.175031,0.169291,0.181916,0.180693,0.175457,0.194213,0.188245,0,0,0,0,,
465.18,0.223494,0.22158,0.213725,0.228796,0.181385,0.193014,0.184127,0.180798,0.168868,0.188977,0.182239,0.165234,0.179587,0.169249,0.185799,0.182444,0.159887,0.183972,0.169803,0.164367,0.174784,0.169493,0.183737,0.180367,0.176243,0.196694,0.194591,0,0,0,0,,
467.18,0.223663,0.222277,0.218345,0.231662,0.180317,0.194236,0.182348,0.18263,0.167897,0.187425,0.181557,0.1662,0.179239,0.17014,0.187048,0.182064,0.160114,0.18357,0.17172,0.165218,0.176179,0.169006,0.18416,0.180593,0.1763,0.198399,0.196107,0,0,0,0,,
469.18,0.222654,0.223877,0.214848,0.230994,0.180947,0.193448,0.183723,0.180893,0.169592,0.186809,0.181053,0.164539,0.179906,0.169722,0.186038,0.182031,0.160783,0.183799,0.171712,0.16463,0.174554,0.170127,0.18256,0.181171,0.176069,0.19745,0.19463,0,0,0,0,,
471.18,0.223857,0.223097,0.219253,0.23485,0.181826,0.19231,0.184718,0.179987,0.168497,0.188561,0.182441,0.167498,0.180289,0.169414,0.186804,0.182322,0.160329,0.184025,0.171137,0.166096,0.175564,0.17022,0.183802,0.181568,0.176384,0.196923,0.197527,0,0,0,0,,
473.19,0.22311,0.222597,0.217035,0.233106,0.181751,0.193318,0.182095,0.181583,0.169137,0.187274,0.18105,0.166241,0.178524,0.168401,0.185012,0.180302,0.159744,0.183711,0.171453,0.165678,0.174468,0.169274,0.18457,0.180985,0.176153,0.195282,0.193053,0,0,0,0,,
475.19,0.222761,0.223904,0.218194,0.232679,0.182168,0.194091,0.183175,0.181018,0.170656,0.188361,0.18182,0.166062,0.179883,0.168947,0.186958,0.181623,0.161693,0.184054,0.1733,0.165922,0.177157,0.170634,0.185039,0.181499,0.177057,0.195616,0.192627,0,0,0,0,,
477.19,0.223453,0.221257,0.217661,0.231745,0.182134,0.194971,0.185008,0.181534,0.17082,0.189885,0.182502,0.167532,0.180853,0.169579,0.186708,0.182151,0.16187,0.184497,0.170699,0.165248,0.176426,0.170137,0.185574,0.181195,0.178401,0.196306,0.191671,0,0,0,0,,
479.19,0.223547,0.223218,0.216629,0.232627,0.182669,0.193206,0.185103,0.183078,0.16981,0.188308,0.182408,0.167544,0.180009,0.167684,0.186901,0.181433,0.159607,0.185196,0.171261,0.165237,0.174979,0.1703,0.184257,0.180716,0.176093,0.195973,0.189354,0,0,0,0,,
481.19,0.222633,0.222368,0.217544,0.230582,0.181261,0.193848,0.183988,0.18164,0.17046,0.19002,0.181114,0.166819,0.180943,0.168867,0.1863,0.181012,0.159719,0.184428,0.17149,0.166258,0.175797,0.169581,0.18387,0.18131,0.177205,0.194177,0.187998,0,0,0,0,,
483.19,0.223328,0.222797,0.214882,0.232638,0.18126,0.192888,0.182561,0.181046,0.169216,0.187698,0.179577,0.166537,0.180647,0.169309,0.186176,0.181505,0.160428,0.183173,0.170549,0.165268,0.174793,0.169097,0.184054,0.179698,0.175452,0.192995,0.18784,0,0,0,0,,
485.19,0.222185,0.220644,0.214648,0.232542,0.181882,0.192778,0.182112,0.18153,0.170185,0.186957,0.181243,0.165894,0.179587,0.167799,0.185447,0.181893,0.159287,0.183948,0.170288,0.164591,0.173924,0.168135,0.183335,0.180248,0.176575,0.192383,0.186208,0,0,0,0,,
487.19,0.223649,0.221099,0.216421,0.231366,0.183046,0.192399,0.181696,0.180895,0.169881,0.189708,0.181541,0.165182,0.181059,0.168919,0.187149,0.182913,0.160644,0.184863,0.172023,0.166423,0.175572,0.171312,0.183382,0.182204,0.177785,0.191335,0.185236,0,0,0,0,,
489.19,0.222477,0.221122,0.216349,0.230462,0.179402,0.192414,0.180582,0.178667,0.169342,0.185996,0.179925,0.162512,0.178551,0.167143,0.184726,0.180494,0.159635,0.182627,0.171234,0.16354,0.174612,0.168506,0.181453,0.18031,0.174283,0.18856,0.182588,0,0,0,0,,
491.19,0.222356,0.218653,0.216743,0.229402,0.181368,0.19108,0.18301,0.181378,0.169284,0.186818,0.181458,0.164263,0.178781,0.166968,0.185339,0.180671,0.15943,0.183255,0.17025,0.163818,0.174038,0.167416,0.183113,0.180457,0.17562,0.187075,0.181373,0,0,0,0,,
493.19,0.22273,0.22228,0.217551,0.230403,0.183483,0.191787,0.184595,0.18279,0.170563,0.187045,0.180745,0.166912,0.179371,0.169742,0.18697,0.182246,0.161117,0.184569,0.171156,0.166116,0.175274,0.16906,0.185663,0.182096,0.17733,0.189109,0.181636,0,0,0,0,,
495.19,0.22206,0.222255,0.214977,0.231494,0.181487,0.192576,0.18504,0.182339,0.170475,0.18871,0.180909,0.164427,0.178838,0.168216,0.186069,0.182218,0.161176,0.182925,0.170731,0.165492,0.175226,0.170104,0.182467,0.180161,0.175215,0.186005,0.181241,0,0,0,0,,
497.19,0.219408,0.219566,0.217166,0.230323,0.181726,0.190785,0.180248,0.179505,0.171132,0.187068,0.180984,0.163358,0.178528,0.167611,0.184449,0.18155,0.160737,0.181193,0.171151,0.164046,0.173979,0.167483,0.1826,0.180166,0.176119,0.184127,0.179559,0,0,0,0,,
499.19,0.222425,0.220751,0.213501,0.232018,0.182714,0.193098,0.181936,0.180775,0.170613,0.189031,0.180767,0.165436,0.178549,0.168328,0.18575,0.182016,0.159684,0.182631,0.171654,0.165201,0.173796,0.169018,0.184847,0.180028,0.175361,0.183157,0.179969,0,0,0,0,,
501.19,0.22433,0.219861,0.215541,0.233553,0.182395,0.191305,0.185103,0.182457,0.171532,0.189585,0.180957,0.166731,0.179778,0.169898,0.187346,0.182792,0.16205,0.183425,0.172167,0.165236,0.175635,0.169326,0.186128,0.181394,0.176398,0.183467,0.180179,0,0,0,0,,
503.19,0.222736,0.222239,0.214549,0.232983,0.182618,0.192231,0.183148,0.182189,0.171122,0.187807,0.180843,0.163363,0.179042,0.167323,0.185641,0.18128,0.161847,0.183285,0.172729,0.165697,0.174387,0.167968,0.18673,0.18099,0.175775,0.181929,0.179009,0,0,0,0,,
505.19,0.223675,0.222151,0.216377,0.230997,0.182633,0.193716,0.185893,0.183342,0.170635,0.188422,0.182158,0.165539,0.181045,0.167655,0.185915,0.183984,0.161791,0.185721,0.172277,0.165768,0.175119,0.170631,0.187308,0.182599,0.176342,0.18233,0.179476,0,0,0,0,,
507.19,0.22355,0.224071,0.216945,0.23479,0.18285,0.193753,0.184482,0.181802,0.170915,0.1888,0.183256,0.16444,0.180679,0.168931,0.18713,0.183338,0.161599,0.184464,0.171612,0.165451,0.17627,0.168973,0.187718,0.181924,0.177111,0.182903,0.180273,0,0,1,0,508.39," ""LED 2,5 s"""
514.97,0.23792,0.238816,0.229962,0.247349,0.194454,0.20691,0.196288,0.193283,0.181936,0.204073,0.194116,0.177398,0.193988,0.181261,0.199865,0.194781,0.172405,0.198081,0.183382,0.178548,0.189018,0.180699,0.200743,0.197014,0.190837,0.197025,0.197672,0,0,0,0,,
516.97,0.225982,0.225803,0.221742,0.237169,0.18559,0.196019,0.186862,0.185265,0.171181,0.191223,0.185488,0.171192,0.185244,0.174267,0.189113,0.186696,0.164931,0.190026,0.175656,0.168611,0.178437,0.173477,0.192271,0.187735,0.180367,0.191983,0.199233,0,0,0,0,,
518.97,0.222864,0.223646,0.219545,0.236969,0.185518,0.197458,0.18506,0.184307,0.17369,0.193265,0.185218,0.171878,0.186962,0.178623,0.190015,0.186945,0.164861,0.189701,0.174545,0.168642,0.178214,0.171693,0.19231,0.187962,0.181749,0.195385,0.20238,0,0,0,0,,
520.98,0.223547,0.223184,0.219591,0.233427,0.184503,0.19414,0.184724,0.182755,0.170998,0.188434,0.183223,0.1717,0.186769,0.179441,0.187689,0.184541,0.163821,0.187646,0.174206,0.166896,0.178995,0.172144,0.189991,0.188563,0.178545,0.196843,0.20201,0,0,0,0,,
522.98,0.224003,0.221558,0.21879,0.234788,0.184213,0.194665,0.184726,0.182579,0.171101,0.189986,0.184239,0.171841,0.186001,0.182938,0.188714,0.185404,0.164772,0.187802,0.176399,0.170984,0.178822,0.173295,0.19186,0.188573,0.178953,0.198904,0.200405,0,0,0,0,,
524.98,0.223922,0.222387,0.216616,0.233976,0.183856,0.196562,0.184177,0.183529,0.171629,0.190704,0.183027,0.171793,0.185527,0.182145,0.189207,0.185378,0.16657,0.187412,0.175989,0.168441,0.178722,0.172108,0.192964,0.190375,0.179821,0.19947,0.195363,0,0,0,0,,
526.98,0.222981,0.221846,0.217289,0.232684,0.182677,0.192908,0.183303,0.18184,0.170519,0.188195,0.182485,0.170957,0.185725,0.183325,0.187818,0.18444,0.16562,0.188383,0.175013,0.168115,0.177513,0.173223,0.191307,0.190065,0.178486,0.19864,0.191167,0,0,0,0,,
528.98,0.223488,0.223033,0.219452,0.232468,0.184053,0.193741,0.185184,0.181335,0.170392,0.188814,0.183414,0.170916,0.185555,0.182564,0.187653,0.18583,0.166917,0.18717,0.173861,0.167302,0.179162,0.173311,0.191546,0.18876,0.179328,0.198141,0.188787,0,0,0,0,,
530.98,0.223396,0.222489,0.2185,0.233199,0.184084,0.193994,0.184897,0.183435,0.171306,0.188459,0.18438,0.171132,0.18567,0.182523,0.186367,0.184341,0.167039,0.186933,0.173847,0.168793,0.177842,0.172362,0.193536,0.189794,0.179588,0.196609,0.187885,0,0,0,0,,
532.98,0.222598,0.222478,0.216433,0.232102,0.184053,0.193995,0.184644,0.181894,0.17175,0.188215,0.183402,0.169439,0.184784,0.18276,0.186765,0.183693,0.165028,0.185765,0.175357,0.165917,0.178111,0.171838,0.191124,0.191363,0.178289,0.195079,0.184837,0,0,0,0,,
534.98,0.221898,0.222151,0.216449,0.232406,0.182854,0.194163,0.184303,0.182558,0.169767,0.188467,0.182894,0.169297,0.181843,0.182883,0.186947,0.184933,0.165551,0.186917,0.17476,0.167678,0.175598,0.169807,0.190192,0.191553,0.178483,0.194418,0.182313,0,0,0,0,,
536.98,0.223675,0.22132,0.217248,0.232718,0.182991,0.194556,0.183942,0.183535,0.170391,0.188515,0.183939,0.169315,0.183864,0.179072,0.187856,0.184278,0.166124,0.186329,0.174515,0.166558,0.177504,0.172101,0.191968,0.192757,0.178665,0.193415,0.181477,0,0,0,0,,
538.98,0.224291,0.224827,0.216965,0.232082,0.184166,0.193709,0.185386,0.182765,0.172917,0.19138,0.182805,0.168941,0.183892,0.17977,0.187828,0.185265,0.165095,0.186816,0.1745,0.166973,0.177995,0.171568,0.191455,0.195651,0.179488,0.192613,0.181272,0,0,0,0,,
540.98,0.223295,0.222197,0.218353,0.233794,0.182976,0.19267,0.185263,0.18169,0.170536,0.189273,0.182719,0.167799,0.183198,0.177763,0.187342,0.183607,0.164143,0.186708,0.174048,0.166054,0.177539,0.17136,0.190769,0.195876,0.178514,0.190603,0.180556,0,0,0,0,,
542.98,0.220843,0.22439,0.218061,0.233797,0.183326,0.191576,0.182998,0.18245,0.170959,0.189941,0.182022,0.169502,0.181877,0.175462,0.18792,0.184141,0.165604,0.188401,0.173633,0.166541,0.178136,0.17021,0.191665,0.196239,0.178183,0.190295,0.181219,0,0,0,0,,
544.98,0.221682,0.223571,0.216275,0.233073,0.184072,0.194981,0.185971,0.182146,0.172329,0.188978,0.182784,0.168703,0.183196,0.175467,0.187332,0.183954,0.166703,0.186025,0.17472,0.166639,0.178643,0.169954,0.19136,0.19734,0.178741,0.190462,0.181457,0,0,0,0,,
546.98,0.222748,0.224066,0.216969,0.233046,0.183384,0.194088,0.184301,0.183155,0.171799,0.188779,0.182204,0.169714,0.183091,0.173145,0.188295,0.184798,0.166789,0.1848,0.173593,0.165704,0.1775,0.171287,0.191964,0.199387,0.179985,0.190143,0.181101,0,0,0,0,,
548.98,0.222296,0.222703,0.216128,0.232703,0.183953,0.194879,0.184433,0.182318,0.170053,0.188295,0.181998,0.16919,0.183162,0.173832,0.186505,0.184009,0.164369,0.185464,0.172837,0.165521,0.176345,0.168983,0.190672,0.200956,0.177294,0.188033,0.178974,0,0,0,0,,
550.98,0.221041,0.221372,0.215777,0.232704,0.18347,0.192539,0.183104,0.181621,0.168328,0.186441,0.181572,0.169475,0.18073,0.170367,0.185995,0.182543,0.16417,0.185522,0.17203,0.165209,0.174008,0.169435,0.190033,0.200329,0.178143,0.186569,0.178696,0,0,0,0,,
552.98,0.221258,0.22219,0.217757,0.232301,0.18393,0.193643,0.183584,0.183188,0.169091,0.190867,0.183254,0.16995,0.182106,0.172881,0.186694,0.183664,0.165846,0.185849,0.173884,0.165954,0.17671,0.169031,0.190018,0.200295,0.178436,0.187016,0.179084,0,0,0,0,,
554.98,0.222196,0.222017,0.218093,0.233903,0.18414,0.193054,0.183061,0.183317,0.170659,0.189582,0.183168,0.169074,0.183715,0.17147,0.188574,0.184029,0.161411,0.186358,0.17348,0.166869,0.177815,0.169663,0.191211,0.201813,0.179338,0.184952,0.178286,0,0,0,0,,
556.98,0.222754,0.225549,0.217128,0.232155,0.183545,0.194783,0.184104,0.183279,0.171651,0.189389,0.183132,0.169713,0.181794,0.170932,0.187038,0.184395,0.158297,0.186249,0.173619,0.165817,0.178266,0.170366,0.191293,0.194312,0.180014,0.186242,0.178485,0,0,0,0,,
558.98,0.221483,0.221316,0.218058,0.232518,0.183857,0.194176,0.184266,0.181733,0.169192,0.188638,0.18237,0.165997,0.181347,0.169142,0.187237,0.183504,0.163321,0.184757,0.173356,0.164367,0.176554,0.168368,0.183829,0.19336,0.180115,0.186447,0.177677,0,0,0,0,,
560.98,0.222017,0.223283,0.219864,0.232695,0.184144,0.194515,0.182262,0.182001,0.169504,0.188994,0.183364,0.169044,0.182323,0.170138,0.188937,0.184353,0.164111,0.184654,0.173234,0.165986,0.176093,0.169773,0.186175,0.198596,0.180957,0.185538,0.177017,0,0,0,0,,
562.98,0.221677,0.224207,0.217284,0.232265,0.183636,0.194021,0.182479,0.182651,0.170836,0.189917,0.182433,0.168625,0.181489,0.168837,0.188962,0.183548,0.16338,0.185302,0.172777,0.166934,0.173898,0.170532,0.190197,0.198303,0.180405,0.186724,0.176685,0,0,0,0,,
564.98,0.219072,0.222168,0.216705,0.231634,0.183748,0.192097,0.182077,0.181705,0.169291,0.188097,0.182191,0.164116,0.179273,0.168338,0.18738,0.183097,0.163331,0.184855,0.170319,0.1635,0.175501,0.168239,0.187933,0.194819,0.178048,0.184467,0.176192,0,0,0,0,,
566.98,0.220857,0.221151,0.216445,0.229676,0.181897,0.192835,0.1808,0.180497,0.169377,0.186909,0.182398,0.166352,0.180941,0.169375,0.186558,0.183888,0.162476,0.183461,0.171723,0.163493,0.175731,0.168513,0.187248,0.194919,0.178374,0.185867,0.176976,0,0,0,0,,
568.98,0.217488,0.224108,0.215724,0.230109,0.18179,0.191713,0.181847,0.180656,0.169608,0.189125,0.180905,0.164246,0.181127,0.167475,0.186176,0.18284,0.162341,0.184203,0.171759,0.164568,0.175134,0.168583,0.188181,0.191748,0.177826,0.186416,0.175273,0,0,0,0,,
570.98,0.219334,0.221692,0.216692,0.230435,0.181755,0.193074,0.183444,0.180939,0.169059,0.187145,0.181431,0.163818,0.180123,0.168989,0.186542,0.183415,0.163208,0.183868,0.17179,0.165609,0.175585,0.168007,0.187723,0.193105,0.177213,0.185,0.175253,0,0,0,0,,
572.98,0.221257,0.221355,0.216153,0.233188,0.183171,0.192813,0.183734,0.180597,0.169623,0.18783,0.181274,0.165938,0.181659,0.166651,0.186383,0.184232,0.162456,0.185397,0.171872,0.166995,0.177637,0.168092,0.188599,0.190623,0.176625,0.185797,0.176102,0,0,0,0,,
574.98,0.223352,0.222909,0.218597,0.232226,0.183877,0.195509,0.184583,0.182664,0.171433,0.191443,0.184803,0.16614,0.181591,0.167983,0.187826,0.18449,0.16418,0.187245,0.173324,0.166913,0.178795,0.169514,0.188905,0.191604,0.17937,0.18712,0.17791,0,0,0,0,,
576.98,0.22218,0.223353,0.219826,0.232127,0.185203,0.19539,0.18404,0.183753,0.171862,0.18896,0.184257,0.166553,0.182909,0.169176,0.188856,0.184435,0.164707,0.187528,0.173607,0.166843,0.17811,0.169201,0.190238,0.190191,0.180076,0.187105,0.17656,0,0,0,0,,
578.98,0.218434,0.219667,0.216844,0.23113,0.183231,0.192519,0.183295,0.182094,0.170952,0.189834,0.181897,0.166537,0.180793,0.167901,0.187652,0.182935,0.163051,0.185715,0.172317,0.167443,0.177014,0.168234,0.188298,0.187811,0.177669,0.186368,0.178261,0,0,0,0,,
580.98,0.220511,0.222437,0.219418,0.231005,0.18265,0.193131,0.183287,0.182344,0.170093,0.190923,0.18198,0.166062,0.181496,0.167332,0.187242,0.183006,0.163607,0.184211,0.173086,0.165306,0.177977,0.16952,0.188533,0.186243,0.179228,0.185131,0.178583,0,0,0,0,,
582.98,0.221347,0.222015,0.215705,0.230622,0.182514,0.192431,0.182977,0.18146,0.170361,0.190511,0.180765,0.165653,0.181482,0.168346,0.186457,0.183367,0.163735,0.185382,0.172764,0.165686,0.17683,0.168801,0.18855,0.18486,0.178463,0.187791,0.181864,0,0,0,0,,
584.98,0.219292,0.222605,0.215562,0.232365,0.183785,0.194569,0.18105,0.18175,0.17052,0.188919,0.183459,0.165967,0.181058,0.166866,0.188119,0.184906,0.162359,0.186614,0.173086,0.167541,0.177532,0.16906,0.188579,0.185688,0.178735,0.18847,0.183761,0,0,0,0,,
586.98,0.22065,0.222336,0.217985,0.230137,0.184481,0.194378,0.183607,0.183041,0.171202,0.191532,0.184421,0.167267,0.18301,0.167623,0.187788,0.184607,0.163332,0.186303,0.174375,0.166971,0.179404,0.171067,0.190006,0.186346,0.177605,0.190646,0.185957,0,0,0,0,,
588.98,0.219028,0.221107,0.216347,0.230934,0.183697,0.195205,0.183406,0.182947,0.17131,0.189242,0.18248,0.165739,0.182752,0.168934,0.1887,0.185185,0.162505,0.187323,0.173855,0.167826,0.177439,0.169693,0.187733,0.183268,0.177842,0.191413,0.187087,0,0,0,0,,
590.98,0.221339,0.221642,0.217935,0.229696,0.184173,0.193448,0.182939,0.183751,0.170786,0.189681,0.183629,0.167207,0.182687,0.167554,0.188728,0.185272,0.163547,0.187232,0.173122,0.16575,0.178428,0.16947,0.188522,0.184416,0.179416,0.192707,0.189567,0,0,0,0,,
592.98,0.220432,0.220182,0.217375,0.229626,0.18233,0.190842,0.180931,0.181387,0.170103,0.188935,0.182378,0.165269,0.181711,0.165899,0.188176,0.183326,0.162879,0.186218,0.173664,0.16568,0.177953,0.168216,0.187206,0.182228,0.178335,0.191514,0.191924,0,0,0,0,,
594.98,0.218208,0.221596,0.218091,0.230538,0.183181,0.193569,0.184226,0.181149,0.17089,0.189343,0.183621,0.165018,0.183704,0.166416,0.188676,0.185377,0.163575,0.186468,0.173371,0.16621,0.179309,0.171067,0.188598,0.182701,0.178785,0.193191,0.193442,0,0,0,0,,
596.98,0.220347,0.220975,0.217715,0.229975,0.183053,0.194129,0.183492,0.182,0.171157,0.189089,0.182637,0.166073,0.182262,0.168405,0.188297,0.18461,0.161747,0.186328,0.172933,0.1651,0.17762,0.169803,0.188257,0.182168,0.178781,0.192619,0.195172,0,0,0,0,,
598.98,0.21816,0.21859,0.217936,0.229655,0.183243,0.193939,0.184574,0.181877,0.169016,0.189705,0.181842,0.163507,0.18245,0.166307,0.187404,0.184191,0.160918,0.186231,0.172579,0.165747,0.17869,0.168451,0.187453,0.1813,0.177028,0.191849,0.192578,0,0,0,0,,
600.98,0.219847,0.220905,0.217565,0.229394,0.183424,0.19333,0.182798,0.182875,0.169657,0.189532,0.183768,0.164963,0.18125,0.166873,0.186901,0.185062,0.161306,0.186881,0.172795,0.163943,0.178533,0.169815,0.18652,0.181941,0.177965,0.19214,0.194035,0,0,0,0,,
602.98,0.219884,0.220837,0.218542,0.22883,0.183394,0.19364,0.182934,0.181273,0.169289,0.187311,0.181889,0.164904,0.180723,0.165922,0.187112,0.184343,0.161881,0.186388,0.17323,0.163311,0.175788,0.168949,0.186284,0.180859,0.17759,0.192149,0.189475,0,0,0,0,,
604.98,0.220267,0.22171,0.216647,0.224482,0.183121,0.192363,0.183026,0.180484,0.170042,0.189131,0.181914,0.166232,0.180387,0.167058,0.187609,0.185279,0.163841,0.186029,0.173346,0.165376,0.177483,0.169477,0.186927,0.180595,0.176335,0.190935,0.189276,0,0,0,0,,
606.98,0.218647,0.22218,0.217701,0.223531,0.182637,0.194132,0.181377,0.179068,0.170626,0.188504,0.182378,0.165905,0.181353,0.166527,0.186603,0.183397,0.161228,0.184697,0.173105,0.163238,0.176695,0.168499,0.186439,0.180972,0.17712,0.19219,0.187549,0,0,0,0,,
608.98,0.220966,0.221277,0.217042,0.224408,0.183005,0.195004,0.18259,0.180768,0.171447,0.188594,0.183015,0.16438,0.180609,0.167284,0.186669,0.185284,0.163533,0.18577,0.17388,0.163838,0.177585,0.16708,0.186317,0.180273,0.176787,0.190145,0.18568,0,0,0,0,,
610.98,0.222772,0.223393,0.220267,0.224779,0.185268,0.196756,0.184627,0.184105,0.172109,0.192642,0.183361,0.166764,0.183422,0.167048,0.18874,0.185292,0.163608,0.188114,0.174599,0.165642,0.177658,0.170853,0.188813,0.182045,0.179081,0.191029,0.18859,0,0,0,0,,
612.98,0.220675,0.220693,0.217062,0.223481,0.18308,0.193583,0.182598,0.182094,0.172959,0.189249,0.182889,0.164806,0.180709,0.167936,0.187813,0.184803,0.162116,0.185479,0.173453,0.165095,0.176704,0.168417,0.186753,0.181172,0.177738,0.189587,0.185128,0,0,0,0,,
614.98,0.218573,0.221717,0.216513,0.221243,0.18259,0.192897,0.182137,0.181186,0.171714,0.187548,0.18287,0.163644,0.180087,0.165582,0.187105,0.184942,0.16203,0.18477,0.17311,0.166539,0.177426,0.167553,0.185956,0.179589,0.177212,0.188261,0.183322,0,0,0,0,,
616.98,0.219964,0.223206,0.215539,0.218826,0.182224,0.193826,0.182158,0.182021,0.171071,0.189788,0.183487,0.165475,0.181809,0.168444,0.187686,0.184324,0.162582,0.185791,0.172863,0.164762,0.176957,0.168554,0.187363,0.179292,0.175622,0.186405,0.185623,0,0,0,0,,
618.98,0.221091,0.221361,0.21752,0.221452,0.181658,0.1925,0.181786,0.181716,0.17062,0.188207,0.181512,0.165861,0.180468,0.168678,0.187558,0.184354,0.162419,0.185963,0.172033,0.165654,0.177804,0.16858,0.187398,0.179449,0.176887,0.186207,0.183726,0,0,0,0,,
620.98,0.223158,0.221307,0.217021,0.219788,0.184288,0.195029,0.183917,0.180359,0.170483,0.189504,0.183172,0.16474,0.181451,0.167731,0.187681,0.184932,0.163836,0.186049,0.173641,0.164867,0.177174,0.169087,0.186799,0.180753,0.177358,0.184613,0.180682,0,0,0,0,,
622.98,0.222642,0.220512,0.219021,0.220564,0.182131,0.194032,0.18375,0.182313,0.170583,0.190117,0.181807,0.166601,0.181439,0.167035,0.187922,0.185802,0.162664,0.186968,0.173833,0.166437,0.178063,0.16874,0.186535,0.18,0.177164,0.184528,0.180748,0,0,0,0,,
624.98,0.220536,0.223981,0.215023,0.219443,0.183739,0.194803,0.183716,0.182191,0.171488,0.189303,0.183094,0.16588,0.180968,0.166864,0.187312,0.185836,0.161563,0.185467,0.174036,0.166137,0.176092,0.169557,0.187831,0.179241,0.177353,0.18268,0.178437,0,0,0,0,,
626.98,0.220593,0.223304,0.217896,0.21992,0.18429,0.196475,0.184392,0.181814,0.172697,0.188465,0.182987,0.166381,0.184191,0.167676,0.187911,0.185958,0.163989,0.186606,0.174115,0.166673,0.176815,0.169797,0.188697,0.180175,0.178855,0.184637,0.175828,0,0,0,0,,
628.98,0.221039,0.221697,0.217361,0.217304,0.182378,0.194563,0.182822,0.1823,0.169757,0.189298,0.181518,0.166141,0.181779,0.167875,0.186855,0.184096,0.163903,0.186397,0.173752,0.165225,0.177093,0.169816,0.187765,0.180076,0.178103,0.181831,0.175215,0,0,0,0,,
630.98,0.220978,0.220321,0.217117,0.218421,0.181713,0.194096,0.18202,0.181299,0.169942,0.18811,0.182896,0.166474,0.180731,0.166122,0.186136,0.184346,0.161489,0.185065,0.173115,0.164789,0.176584,0.16923,0.186679,0.178619,0.176494,0.181816,0.1757,0,0,0,0,,
632.98,0.219157,0.220849,0.217424,0.219684,0.180477,0.192879,0.179735,0.180041,0.168907,0.186835,0.180038,0.162802,0.180601,0.16503,0.184989,0.183025,0.161485,0.182987,0.17289,0.165321,0.17583,0.168811,0.185185,0.179062,0.174325,0.180059,0.174423,0,0,0,0,,
634.98,0.220558,0.221181,0.217091,0.219502,0.180891,0.193515,0.182595,0.179801,0.168171,0.186351,0.181458,0.163904,0.178614,0.167494,0.186087,0.18269,0.16125,0.184324,0.170935,0.163801,0.175144,0.167433,0.186237,0.177548,0.176176,0.180705,0.17223,0,0,0,0,,
636.98,0.221879,0.219591,0.214992,0.224472,0.183146,0.194272,0.182205,0.182507,0.169415,0.188442,0.181664,0.164453,0.181321,0.16729,0.185916,0.184116,0.163563,0.185535,0.172289,0.166651,0.176764,0.167989,0.187204,0.179104,0.17691,0.182295,0.173287,0,0,0,0,,
638.98,0.221854,0.221623,0.216471,0.223331,0.182477,0.19413,0.182387,0.182366,0.170274,0.189356,0.181498,0.164658,0.181143,0.165686,0.187033,0.184533,0.162064,0.185518,0.173135,0.165972,0.177368,0.168276,0.186633,0.180187,0.177056,0.183456,0.175563,0,0,0,0,,
640.98,0.223034,0.219941,0.218337,0.223418,0.182771,0.194889,0.184365,0.184412,0.170174,0.189408,0.180459,0.165199,0.180486,0.166399,0.186739,0.185567,0.162401,0.186407,0.172608,0.164481,0.177015,0.168234,0.187432,0.180036,0.177087,0.183597,0.174432,0,0,0,0,,
642.98,0.221083,0.220709,0.219536,0.224085,0.184045,0.195472,0.183492,0.181677,0.171356,0.190087,0.183275,0.166082,0.181619,0.166069,0.18864,0.187015,0.16201,0.186554,0.174567,0.165547,0.178413,0.169033,0.187597,0.181497,0.177957,0.186132,0.174059,0,0,0,0,,
644.98,0.218081,0.217497,0.214742,0.219599,0.17931,0.193904,0.177853,0.178792,0.167828,0.184499,0.178946,0.161806,0.179209,0.166088,0.18391,0.183704,0.160404,0.183914,0.170714,0.163574,0.174635,0.16754,0.184509,0.177834,0.173865,0.181888,0.172512,0,0,0,0,,
646.98,0.21865,0.221148,0.213855,0.221004,0.181092,0.191097,0.180268,0.179275,0.167595,0.184306,0.180034,0.163977,0.179222,0.164206,0.18529,0.18316,0.161079,0.18306,0.17034,0.161053,0.173644,0.165819,0.184281,0.177913,0.17503,0.182381,0.17209,0,0,0,0,,
648.98,0.22161,0.222786,0.216882,0.223251,0.183093,0.193941,0.185149,0.183062,0.169332,0.188911,0.181185,0.164847,0.180357,0.167497,0.187284,0.185745,0.161582,0.187073,0.174141,0.164852,0.175254,0.167367,0.187498,0.180293,0.177217,0.183704,0.175563,0,0,0,0,,
650.98,0.222862,0.221966,0.218504,0.228037,0.183696,0.196036,0.183624,0.183232,0.171164,0.1908,0.182723,0.16394,0.182593,0.167502,0.188741,0.1863,0.16313,0.187819,0.175088,0.167304,0.17709,0.167556,0.188838,0.180478,0.178129,0.187671,0.176498,0,0,0,0,,
652.98,0.222231,0.223248,0.217956,0.231355,0.183185,0.193661,0.18483,0.181867,0.17186,0.188024,0.182938,0.165947,0.181403,0.168033,0.189289,0.185686,0.164221,0.186867,0.173111,0.166183,0.177587,0.167141,0.188215,0.17998,0.177513,0.189069,0.178727,0,0,0,0,,
654.98,0.222956,0.220418,0.218524,0.229142,0.183565,0.195687,0.184322,0.18223,0.172558,0.190425,0.183083,0.164669,0.18154,0.168606,0.188216,0.186287,0.163337,0.187105,0.174953,0.167086,0.176371,0.168472,0.189074,0.179927,0.177438,0.189437,0.177998,0,0,0,0,,
656.98,0.220746,0.218212,0.217639,0.230691,0.182988,0.195963,0.181787,0.18298,0.170647,0.188476,0.181817,0.163032,0.18114,0.167874,0.187715,0.184989,0.162153,0.186221,0.17304,0.165124,0.176193,0.167253,0.187057,0.180027,0.177331,0.192806,0.182357,0,0,0,0,,
658.98,0.221232,0.221313,0.21807,0.23036,0.183061,0.197479,0.183434,0.182564,0.170478,0.189704,0.181971,0.165264,0.181864,0.167931,0.187289,0.185993,0.162916,0.186914,0.173628,0.166593,0.178489,0.168137,0.188064,0.180639,0.178084,0.193337,0.184253,0,0,0,0,,
660.98,0.218965,0.220763,0.216052,0.232219,0.181454,0.194001,0.182646,0.182513,0.169634,0.187635,0.181513,0.163548,0.181375,0.168081,0.187454,0.186519,0.163727,0.187555,0.172035,0.166242,0.176885,0.167375,0.187618,0.179295,0.178005,0.195226,0.188281,0,0,0,0,,
662.98,0.22,0.21992,0.216515,0.230406,0.182766,0.194246,0.181272,0.181709,0.169915,0.186751,0.181184,0.164079,0.180818,0.166891,0.188197,0.185256,0.163766,0.187471,0.173086,0.164987,0.177128,0.166316,0.187593,0.179959,0.177617,0.193904,0.19237,0,0,0,0,,
664.98,0.220313,0.220148,0.219675,0.232023,0.18277,0.194754,0.185787,0.18325,0.170977,0.18843,0.182906,0.163722,0.181941,0.167952,0.188677,0.185193,0.16323,0.18688,0.1752,0.167151,0.176118,0.168828,0.188865,0.18153,0.176956,0.196718,0.197209,0,0,0,0,,
666.98,0.219608,0.220887,0.215355,0.231212,0.183203,0.194349,0.182639,0.182628,0.168523,0.188727,0.182217,0.161596,0.181817,0.166776,0.188049,0.184397,0.163722,0.185849,0.172143,0.163817,0.175777,0.16605,0.186483,0.179112,0.177702,0.195628,0.195347,0,0,0,0,,
668.98,0.2214,0.219301,0.215052,0.233918,0.183289,0.195567,0.18255,0.182214,0.170475,0.188065,0.182519,0.163521,0.182338,0.166274,0.188931,0.186523,0.163118,0.188332,0.17247,0.164973,0.177473,0.16959,0.188083,0.180405,0.177712,0.197187,0.195124,0,0,0,0,,
670.98,0.219698,0.219483,0.215948,0.232642,0.182196,0.194515,0.182719,0.181382,0.170632,0.187097,0.181846,0.163802,0.181944,0.168469,0.18792,0.184738,0.163471,0.185636,0.173099,0.16639,0.176394,0.1694,0.188931,0.181397,0.176767,0.196326,0.191195,0,0,0,0,,
672.98,0.218242,0.221146,0.218162,0.231946,0.182336,0.195856,0.183208,0.181583,0.169542,0.187483,0.181797,0.163868,0.181571,0.167365,0.187521,0.185474,0.163947,0.187603,0.171696,0.16523,0.173769,0.168444,0.187135,0.181173,0.17588,0.193505,0.189192,0,0,0,0,,
674.98,0.218509,0.217442,0.214919,0.231106,0.182221,0.195536,0.181206,0.181502,0.170468,0.188121,0.182471,0.163756,0.181098,0.166924,0.188888,0.184706,0.163452,0.186761,0.173635,0.16444,0.175666,0.167028,0.187856,0.180834,0.176639,0.192653,0.186445,0,0,0,0,,
676.98,0.220654,0.219715,0.215555,0.231038,0.183683,0.196088,0.181873,0.182303,0.169931,0.188894,0.182896,0.16264,0.182018,0.166922,0.188511,0.185215,0.163711,0.186622,0.175171,0.164775,0.176614,0.167769,0.187836,0.181226,0.176967,0.19267,0.186947,0,0,0,0,,
678.98,0.219602,0.216592,0.216185,0.232229,0.18237,0.194683,0.184475,0.18065,0.170225,0.186557,0.182937,0.16142,0.181326,0.169488,0.187931,0.18574,0.163723,0.186973,0.172894,0.1637,0.174678,0.169019,0.18983,0.181463,0.176412,0.190912,0.186471,0,0,0,0,,
680.98,0.219011,0.216795,0.216339,0.233113,0.183562,0.194371,0.181986,0.181939,0.170155,0.187436,0.182635,0.165578,0.181774,0.167217,0.187079,0.185812,0.163312,0.186774,0.173169,0.165164,0.176833,0.168204,0.189087,0.181758,0.176691,0.191786,0.186855,0,0,0,0,,
682.98,0.218055,0.21485,0.217167,0.231364,0.183885,0.195217,0.182648,0.182007,0.171016,0.188333,0.181399,0.16342,0.180576,0.167129,0.18817,0.185854,0.164522,0.185866,0.173155,0.16444,0.176912,0.168333,0.189271,0.180664,0.176492,0.190388,0.183712,0,0,0,0,,
684.98,0.220359,0.219156,0.216691,0.234147,0.18415,0.197604,0.182328,0.183535,0.17238,0.189356,0.182609,0.165536,0.182165,0.169164,0.188921,0.187378,0.163604,0.188572,0.174858,0.166917,0.177207,0.169396,0.189332,0.183175,0.17815,0.192365,0.183346,0,0,0,0,,
686.98,0.220916,0.221162,0.217425,0.232226,0.184212,0.195428,0.184007,0.182596,0.171626,0.187266,0.182979,0.164183,0.181762,0.168755,0.187736,0.186357,0.164479,0.186774,0.172641,0.166146,0.175613,0.168951,0.190595,0.181661,0.177691,0.192102,0.183096,0,0,0,0,,
688.98,0.222464,0.220632,0.217266,0.232847,0.184754,0.197158,0.185096,0.182927,0.171633,0.188968,0.183158,0.164696,0.181968,0.168318,0.187904,0.187477,0.165097,0.188089,0.174073,0.166023,0.178273,0.168998,0.189787,0.182283,0.177582,0.192748,0.182049,0,0,0,0,,
690.98,0.218451,0.219748,0.21785,0.233623,0.184706,0.197899,0.183445,0.182609,0.172096,0.188914,0.181912,0.165601,0.181867,0.168406,0.189038,0.185434,0.164825,0.1888,0.173394,0.167169,0.176517,0.16851,0.188929,0.183395,0.176204,0.189723,0.183198,0,0,0,0,,
692.98,0.220449,0.220279,0.217054,0.233044,0.183619,0.195928,0.183081,0.18336,0.172135,0.188357,0.18283,0.163981,0.183432,0.167827,0.188675,0.18739,0.164223,0.188412,0.174421,0.16689,0.176616,0.16884,0.189565,0.182342,0.176345,0.189647,0.179751,0,0,0,0,,
694.98,0.218976,0.220196,0.217194,0.232812,0.183748,0.195742,0.184292,0.183329,0.170359,0.188078,0.181614,0.166053,0.183078,0.167399,0.187859,0.186547,0.164581,0.188938,0.174285,0.16579,0.176205,0.168199,0.188859,0.183222,0.177775,0.189966,0.180354,0,0,0,0,,
696.98,0.218552,0.2198,0.2176,0.234121,0.184287,0.19542,0.183251,0.182311,0.170404,0.188453,0.181852,0.16337,0.18224,0.167471,0.188394,0.186504,0.164654,0.188736,0.173975,0.166928,0.177113,0.168172,0.189992,0.182048,0.175354,0.187696,0.179756,0,0,0,0,,
698.98,0.221588,0.218415,0.217192,0.230582,0.183697,0.19505,0.182187,0.183191,0.170785,0.186523,0.182347,0.161221,0.180533,0.167611,0.187079,0.186574,0.16357,0.186182,0.171402,0.165633,0.174479,0.167522,0.18816,0.181402,0.176692,0.188185,0.17688,0,0,0,0,,
700.98,0.222375,0.218659,0.217431,0.234158,0.184289,0.196365,0.182967,0.18306,0.170638,0.189457,0.182492,0.161606,0.181399,0.169314,0.189235,0.188011,0.164583,0.188551,0.17326,0.165745,0.177771,0.170344,0.191972,0.183892,0.178236,0.188255,0.177499,0,0,0,0,,
702.98,0.219832,0.220234,0.218618,0.234864,0.18488,0.196014,0.185126,0.182922,0.170643,0.187469,0.182553,0.163914,0.181815,0.167723,0.188321,0.187679,0.165395,0.188538,0.174625,0.166057,0.177528,0.169975,0.190663,0.182462,0.178661,0.187891,0.177366,0,0,0,0,,
704.98,0.221563,0.220296,0.218588,0.235472,0.185235,0.197606,0.186793,0.185151,0.172347,0.190639,0.184275,0.162723,0.183667,0.169064,0.189847,0.187829,0.164815,0.187506,0.173586,0.166624,0.177119,0.168619,0.192386,0.184166,0.178242,0.187196,0.178129,0,0,0,0,,
706.98,0.219228,0.221099,0.214613,0.233655,0.185185,0.195141,0.185427,0.183186,0.171382,0.188829,0.182114,0.163905,0.181212,0.169562,0.188129,0.187537,0.16449,0.187135,0.174212,0.164061,0.176693,0.169746,0.189969,0.18342,0.176684,0.186243,0.175958,0,0,0,0,,
708.98,0.219921,0.221931,0.217597,0.233441,0.185857,0.197902,0.183617,0.184224,0.170648,0.187604,0.182975,0.163142,0.181138,0.168019,0.188922,0.188306,0.165652,0.188314,0.172497,0.165257,0.177363,0.170031,0.190873,0.182516,0.177482,0.186468,0.176565,0,0,0,0,,
710.98,0.219303,0.22003,0.21532,0.231108,0.185094,0.194646,0.184163,0.183197,0.170837,0.188775,0.180529,0.163003,0.182329,0.167996,0.1885,0.18702,0.163663,0.187043,0.173624,0.165032,0.176102,0.168627,0.188366,0.182965,0.175508,0.185732,0.174851,0,0,0,0,,
712.98,0.221653,0.218939,0.216985,0.232336,0.185039,0.195959,0.18648,0.184291,0.172854,0.188973,0.182774,0.165021,0.183029,0.16923,0.19093,0.189081,0.164447,0.18946,0.174625,0.165902,0.1763,0.171495,0.18977,0.184696,0.178133,0.187253,0.174364,0,0,0,0,,
714.98,0.220046,0.219329,0.213224,0.23088,0.183628,0.194733,0.184851,0.18098,0.171009,0.187584,0.181397,0.162453,0.181789,0.166321,0.187967,0.186659,0.163501,0.187662,0.172021,0.163257,0.172933,0.170188,0.188639,0.182728,0.174275,0.184427,0.171958,0,0,0,0,,
716.98,0.219094,0.217793,0.213601,0.22954,0.182091,0.192302,0.182121,0.180557,0.169427,0.186382,0.179709,0.161422,0.179417,0.165969,0.186233,0.184875,0.160718,0.185226,0.170866,0.163241,0.173559,0.166696,0.186826,0.180468,0.174186,0.185194,0.171468,0,0,0,0,,
718.98,0.217704,0.21731,0.210669,0.230514,0.181885,0.192064,0.181384,0.179055,0.169704,0.185267,0.179524,0.160872,0.178396,0.166587,0.187269,0.183395,0.160715,0.185062,0.170106,0.162538,0.172749,0.168148,0.187945,0.180939,0.17477,0.182969,0.170467,0,0,0,0,,
720.98,0.21935,0.219409,0.211782,0.230433,0.182643,0.19401,0.183008,0.180803,0.169131,0.187208,0.180024,0.162466,0.179967,0.16701,0.187583,0.184848,0.162367,0.185613,0.171043,0.164101,0.175515,0.169202,0.188637,0.182166,0.174805,0.186248,0.17265,0,0,0,0,,
722.98,0.219889,0.218328,0.213272,0.230408,0.182891,0.193101,0.182153,0.18131,0.170441,0.187435,0.180159,0.162979,0.178822,0.16676,0.187625,0.186274,0.163025,0.185823,0.171493,0.163385,0.173634,0.170411,0.188331,0.181563,0.176037,0.186282,0.174339,0,0,0,0,,
724.98,0.217535,0.220805,0.214785,0.229859,0.184506,0.195656,0.18497,0.182013,0.170394,0.186849,0.182926,0.164554,0.181101,0.170882,0.189607,0.186751,0.164127,0.187891,0.172483,0.165632,0.172372,0.168689,0.189291,0.183231,0.175614,0.187187,0.174187,0,0,0,0,,
726.98,0.218397,0.218852,0.215041,0.232214,0.183172,0.192826,0.183213,0.182862,0.169957,0.187668,0.180913,0.163697,0.180254,0.168331,0.187846,0.186716,0.163487,0.185993,0.171595,0.165438,0.174546,0.170195,0.188257,0.182847,0.176117,0.187447,0.176603,0,0,0,0,,
728.98,0.220227,0.21867,0.214893,0.232729,0.184526,0.19491,0.181815,0.181589,0.17131,0.188872,0.180884,0.164136,0.180296,0.16716,0.188123,0.186986,0.164002,0.187483,0.172272,0.164947,0.175203,0.169862,0.189573,0.182532,0.174704,0.187512,0.176084,0,0,0,0,,
730.98,0.220412,0.220701,0.214205,0.230575,0.183179,0.196247,0.183745,0.180472,0.171834,0.190052,0.181369,0.165008,0.180199,0.168177,0.189191,0.188289,0.163332,0.187259,0.172169,0.164674,0.172776,0.170393,0.188972,0.183272,0.174241,0.189747,0.178202,0,0,0,0,,
732.98,0.223544,0.220298,0.217458,0.232886,0.185132,0.194442,0.18475,0.184063,0.170836,0.188042,0.18324,0.164039,0.181336,0.168291,0.18976,0.188142,0.166479,0.18661,0.17226,0.167415,0.175207,0.17107,0.190497,0.184521,0.176681,0.188963,0.182334,0,0,0,0,,
734.98,0.22319,0.219428,0.219074,0.233573,0.183407,0.196627,0.185438,0.182532,0.171185,0.189448,0.182781,0.163872,0.182315,0.167939,0.189603,0.188899,0.164174,0.188448,0.174635,0.166581,0.1753,0.170878,0.191553,0.185595,0.178319,0.189241,0.184146,0,0,0,0,,
736.98,0.221057,0.222667,0.219009,0.231878,0.185681,0.196659,0.183559,0.185095,0.172713,0.190409,0.182551,0.165228,0.181318,0.168732,0.190822,0.188121,0.167666,0.19002,0.17398,0.17009,0.175406,0.171437,0.191215,0.185842,0.177023,0.190416,0.186012,0,0,0,0,,
738.98,0.219824,0.221476,0.214961,0.231715,0.184036,0.196869,0.18368,0.183043,0.17032,0.188207,0.182891,0.16363,0.181098,0.167897,0.188963,0.188333,0.164368,0.188197,0.172682,0.165981,0.174743,0.171038,0.190635,0.184641,0.176195,0.1886,0.189971,0,0,0,0,,
740.98,0.224879,0.227817,0.221873,0.238602,0.190523,0.2034,0.190424,0.188069,0.177735,0.195659,0.188795,0.168578,0.188945,0.174918,0.195676,0.195327,0.1724,0.194272,0.1801,0.172937,0.182194,0.179317,0.197378,0.190965,0.183364,0.196176,0.199529,0,0,0,0,,
742.98,0.22933,0.228656,0.224972,0.240766,0.192902,0.20553,0.192807,0.19155,0.18063,0.198229,0.192229,0.172315,0.192755,0.177527,0.198948,0.197567,0.172114,0.198385,0.182848,0.176969,0.185356,0.183619,0.2025,0.195496,0.187542,0.200012,0.204685,0,0,0,0,,
744.98,0.226268,0.228319,0.222558,0.240169,0.191121,0.203939,0.188642,0.188653,0.177631,0.196179,0.189514,0.1685,0.188919,0.174154,0.195801,0.195753,0.17307,0.196283,0.180082,0.172738,0.183134,0.181664,0.20002,0.192402,0.183828,0.197939,0.205434,0,0,0,0,,
746.98,0.222099,0.222491,0.217043,0.231562,0.185747,0.197078,0.186355,0.183126,0.173041,0.190899,0.183713,0.165103,0.182928,0.169079,0.19091,0.189998,0.166713,0.189913,0.175052,0.167304,0.176929,0.175546,0.19299,0.186208,0.178403,0.192875,0.196615,0,0,0,0,,
748.98,0.218659,0.221966,0.216051,0.231853,0.184793,0.195179,0.184246,0.183421,0.171451,0.189483,0.18249,0.163919,0.182684,0.169185,0.189386,0.188595,0.164693,0.190696,0.172993,0.167742,0.176536,0.175096,0.191827,0.185858,0.176611,0.191007,0.194828,0,0,0,0,,
750.98,0.221229,0.224211,0.218725,0.232677,0.186326,0.198699,0.186074,0.185882,0.172233,0.192566,0.184749,0.16528,0.18337,0.171647,0.191193,0.190579,0.165959,0.189314,0.17485,0.168137,0.175882,0.176851,0.192768,0.187698,0.177947,0.193602,0.195278,0,0,0,0,,
752.98,0.224023,0.226178,0.223505,0.234156,0.188086,0.19931,0.188516,0.186503,0.173228,0.193629,0.187401,0.168786,0.186014,0.172619,0.192484,0.191114,0.168981,0.192922,0.177606,0.170703,0.180497,0.178441,0.194759,0.189272,0.179646,0.196596,0.193553,0,0,0,0,,
754.98,0.229385,0.231271,0.22547,0.239822,0.192691,0.204206,0.193252,0.191256,0.179042,0.199169,0.190271,0.171073,0.18961,0.175579,0.196435,0.1952,0.171282,0.195969,0.180822,0.175354,0.184228,0.181785,0.198802,0.192366,0.183332,0.200487,0.194747,0,0,0,0,,
756.98,0.229658,0.229856,0.222538,0.240379,0.192129,0.203768,0.190423,0.190017,0.1781,0.196342,0.1894,0.170589,0.187749,0.176331,0.195599,0.195252,0.16946,0.194464,0.180137,0.175435,0.183013,0.181242,0.198338,0.19268,0.184357,0.200215,0.193716,0,0,0,0,,
758.98,0.231303,0.231797,0.229676,0.243358,0.194045,0.206909,0.193717,0.193238,0.180217,0.199395,0.193244,0.171345,0.191146,0.179148,0.199327,0.197499,0.171141,0.197624,0.181957,0.175029,0.186116,0.184346,0.201079,0.194676,0.185837,0.20173,0.194484,0,0,0,0,,
760.98,0.229773,0.230793,0.225714,0.242088,0.192826,0.206594,0.194409,0.190641,0.179668,0.198603,0.191396,0.172686,0.191759,0.177685,0.196639,0.196346,0.171239,0.196225,0.183125,0.175597,0.184861,0.182249,0.199023,0.194044,0.184676,0.199694,0.189751,0,0,0,0,,
762.98,0.22886,0.232644,0.225905,0.241883,0.192786,0.206337,0.192777,0.191702,0.178923,0.198711,0.190917,0.171925,0.19109,0.179042,0.198464,0.195619,0.171242,0.196178,0.181709,0.175096,0.18492,0.183459,0.19911,0.194577,0.185761,0.198547,0.189486,0,0,0,0,,
764.98,0.224386,0.228967,0.221637,0.234583,0.1898,0.201829,0.189262,0.187062,0.17662,0.194577,0.186253,0.16773,0.18675,0.173144,0.193629,0.191754,0.166249,0.192601,0.178984,0.172376,0.178982,0.178484,0.196764,0.19001,0.181397,0.19429,0.184398,0,0,0,0,,
766.98,0.22431,0.227391,0.220703,0.235248,0.18884,0.199979,0.188063,0.188106,0.175428,0.19348,0.185853,0.16704,0.184273,0.17454,0.193544,0.193725,0.168174,0.191555,0.176628,0.173493,0.180059,0.178749,0.195166,0.190886,0.181384,0.193609,0.183629,0,0,0,1,767.8," ""LED 1 s"""
771.86,0.244102,0.249146,0.239507,0.256891,0.206731,0.222261,0.205749,0.20545,0.190635,0.21316,0.205523,0.181817,0.20448,0.192176,0.213838,0.210857,0.185307,0.210337,0.195917,0.190653,0.19977,0.195081,0.21657,0.211741,0.201635,0.215024,0.199753,0,0,0,0,,
773.86,0.228156,0.234323,0.223347,0.241966,0.192193,0.205726,0.19128,0.191496,0.178103,0.197334,0.191206,0.172303,0.189112,0.180218,0.19805,0.196996,0.172237,0.197023,0.181249,0.173734,0.183614,0.183453,0.200837,0.195731,0.191005,0.204302,0.187923,0,0,0,0,,
775.86,0.226588,0.23232,0.220854,0.240254,0.192095,0.203909,0.192343,0.189366,0.177421,0.194733,0.188188,0.17433,0.191247,0.184216,0.197651,0.197253,0.174244,0.196101,0.181714,0.174632,0.183311,0.181942,0.20354,0.198392,0.185316,0.204281,0.192059,0,0,0,0,,
777.86,0.226136,0.229332,0.221617,0.239093,0.191288,0.205207,0.191327,0.189896,0.175786,0.196369,0.188446,0.173714,0.18994,0.186891,0.196476,0.196376,0.173837,0.195429,0.181984,0.173861,0.180748,0.182869,0.206389,0.200537,0.184593,0.207554,0.195657,0,0,0,0,,
779.86,0.224324,0.227567,0.222405,0.238658,0.192178,0.204141,0.192186,0.189601,0.177898,0.196572,0.188032,0.17508,0.192197,0.191746,0.195878,0.197823,0.179271,0.196595,0.181899,0.173524,0.179446,0.183991,0.209373,0.20233,0.184878,0.207557,0.199964,0,0,0,0,,
783.86,0.232812,0.234337,0.227214,0.247076,0.196686,0.20973,0.193871,0.192946,0.181327,0.201912,0.194847,0.182767,0.20174,0.212122,0.202187,0.206036,0.189154,0.202293,0.188861,0.181603,0.1871,0.190535,0.226857,0.223451,0.191594,0.215935,0.212353,0,0,0,0,781.86,error
785.86,0.22822,0.231163,0.224306,0.243178,0.193699,0.207038,0.192626,0.190749,0.180348,0.197359,0.191122,0.181683,0.206024,0.218291,0.198917,0.205402,0.192413,0.202325,0.186496,0.176064,0.185346,0.189259,0.230521,0.234085,0.187089,0.21114,0.211806,0,0,0,0,,
787.88,0.227792,0.232439,0.222782,0.240236,0.19138,0.204492,0.19231,0.190399,0.177153,0.196102,0.189114,0.184209,0.211596,0.218048,0.197174,0.207286,0.198415,0.199867,0.184977,0.174258,0.182876,0.188984,0.228428,0.23051,0.18807,0.209792,0.208632,0,0,0,0,,
789.88,0.228334,0.231978,0.221947,0.242697,0.193668,0.204111,0.191906,0.190003,0.178263,0.196273,0.189357,0.188023,0.215173,0.215602,0.197714,0.20849,0.202466,0.203053,0.1847,0.175421,0.182977,0.190168,0.22547,0.226594,0.189749,0.205798,0.205196,0,0,0,0,,
791.88,0.227072,0.230795,0.221405,0.238996,0.191695,0.204204,0.188812,0.190648,0.177246,0.196339,0.18921,0.185958,0.215919,0.209874,0.197601,0.21123,0.1999,0.224104,0.185896,0.174852,0.180342,0.190069,0.219944,0.219773,0.191389,0.203733,0.202058,0,0,0,0,,
793.88,0.223642,0.229992,0.220768,0.239417,0.192128,0.202721,0.191004,0.189381,0.17671,0.196547,0.189618,0.18451,0.213285,0.202938,0.196736,0.213885,0.194395,0.233728,0.182127,0.174099,0.182445,0.189948,0.214826,0.214839,0.190225,0.204044,0.198284,0,0,0,0,,
795.88,0.226565,0.22847,0.222389,0.238598,0.190838,0.203274,0.192085,0.188531,0.176963,0.195188,0.189193,0.184097,0.212539,0.197969,0.195693,0.215813,0.192366,0.232121,0.184299,0.175647,0.180075,0.189336,0.209842,0.212339,0.193351,0.204313,0.197842,0,0,0,0,,
797.88,0.224315,0.229997,0.222324,0.238488,0.191558,0.204949,0.191423,0.189826,0.177671,0.195811,0.188057,0.182934,0.208067,0.192608,0.196887,0.216253,0.191421,0.228442,0.183375,0.175203,0.180994,0.188441,0.209397,0.207777,0.200318,0.200407,0.195711,0,0,0,0,,
799.88,0.22379,0.227601,0.220006,0.236266,0.191251,0.202574,0.190124,0.188822,0.176115,0.195599,0.188038,0.180412,0.205415,0.190661,0.195891,0.214061,0.188196,0.222966,0.183364,0.17438,0.179564,0.187609,0.20606,0.204353,0.204269,0.200125,0.193195,0,0,0,0,,
801.88,0.222328,0.226984,0.219543,0.236173,0.190775,0.20172,0.190592,0.190316,0.176956,0.197693,0.187322,0.1798,0.201509,0.187413,0.196505,0.211129,0.183874,0.217,0.183445,0.171685,0.179275,0.18656,0.203598,0.201996,0.206231,0.198296,0.191257,0,0,0,0,,
803.88,0.226228,0.228404,0.220679,0.235237,0.19051,0.205849,0.19031,0.190584,0.176878,0.195585,0.189533,0.179212,0.200914,0.184085,0.196975,0.209324,0.182318,0.214216,0.182988,0.175293,0.177777,0.18655,0.202723,0.201026,0.207293,0.198206,0.190154,0,0,0,0,,
805.88,0.225747,0.230201,0.219921,0.239345,0.191258,0.204746,0.189967,0.188801,0.176718,0.195851,0.189084,0.17693,0.197324,0.183699,0.196866,0.208131,0.179789,0.21002,0.183908,0.175609,0.179207,0.187165,0.20189,0.198605,0.205594,0.198315,0.190575,0,0,0,0,,
808.12,0.222378,0.227238,0.218158,0.235664,0.190745,0.203317,0.189365,0.188909,0.177896,0.195256,0.18782,0.173977,0.192453,0.179854,0.195647,0.204555,0.176276,0.205492,0.182054,0.17412,0.178177,0.1847,0.199153,0.195406,0.203394,0.196653,0.189644,0,0,0,0,,
810.12,0.223763,0.226036,0.218658,0.236642,0.190139,0.203002,0.187685,0.189602,0.178913,0.195537,0.187924,0.173621,0.192477,0.177496,0.196697,0.203665,0.177302,0.202619,0.181536,0.172936,0.180723,0.186136,0.199895,0.196502,0.202099,0.197284,0.188742,0,0,0,0,,
812.12,0.222994,0.224856,0.221362,0.234509,0.190582,0.203137,0.190639,0.189326,0.178952,0.197301,0.18859,0.169541,0.190994,0.178668,0.195366,0.201022,0.176096,0.20165,0.182142,0.175184,0.178588,0.183753,0.19802,0.193965,0.197882,0.19797,0.187893,0,0,0,0,,
814.12,0.221815,0.225822,0.218686,0.234884,0.189112,0.202067,0.189675,0.187815,0.177407,0.195092,0.187366,0.16761,0.190478,0.177395,0.195395,0.199713,0.173371,0.201155,0.179984,0.173321,0.178438,0.183758,0.197428,0.192014,0.19546,0.197593,0.18559,0,0,0,0,,
816.12,0.222583,0.226356,0.218439,0.236727,0.190719,0.202742,0.187215,0.187859,0.176744,0.195603,0.187401,0.166236,0.190365,0.177055,0.194798,0.200387,0.174947,0.199715,0.178783,0.172718,0.177574,0.183734,0.195881,0.192022,0.195215,0.196986,0.186441,0,0,0,0,,
818.12,0.222961,0.2255,0.217094,0.234129,0.19062,0.203187,0.188695,0.187493,0.177965,0.196224,0.18795,0.16878,0.188485,0.174878,0.194942,0.198185,0.171386,0.197564,0.180168,0.170993,0.17749,0.18341,0.193951,0.190732,0.193431,0.197827,0.186345,0,0,0,0,,
820.12,0.223885,0.226193,0.218262,0.23327,0.18914,0.202265,0.188936,0.186779,0.17516,0.19466,0.18679,0.16536,0.186884,0.175043,0.19423,0.195932,0.17046,0.194075,0.179743,0.171583,0.176656,0.181182,0.193459,0.188718,0.18943,0.196834,0.18658,0,0,0,0,,
822.12,0.224466,0.226183,0.215477,0.236019,0.189193,0.203266,0.189694,0.18876,0.175594,0.19597,0.187966,0.166344,0.187263,0.172273,0.194408,0.195956,0.169488,0.194348,0.180291,0.170604,0.17687,0.181315,0.193748,0.18853,0.188012,0.196534,0.186141,0,0,0,0,,
824.12,0.224007,0.22474,0.216511,0.23619,0.188804,0.20356,0.19,0.186688,0.17643,0.194365,0.186667,0.162104,0.186127,0.172225,0.194259,0.195772,0.169593,0.195187,0.179433,0.17204,0.176703,0.180399,0.192424,0.188853,0.186272,0.198187,0.186414,0,0,0,0,,
826.12,0.22427,0.225623,0.218613,0.236821,0.1898,0.203915,0.189989,0.189336,0.175231,0.194289,0.187357,0.162858,0.185678,0.172523,0.195739,0.195485,0.170249,0.195178,0.179617,0.170255,0.177348,0.180679,0.193482,0.188841,0.184744,0.198118,0.18905,0,0,0,0,,
828.12,0.224851,0.225533,0.219019,0.236652,0.190323,0.201513,0.189907,0.186493,0.176064,0.195187,0.187002,0.163268,0.187001,0.171337,0.194289,0.194969,0.170489,0.193721,0.17998,0.171162,0.177085,0.183253,0.194053,0.18835,0.184381,0.198684,0.191798,0,0,0,0,,
830.12,0.22182,0.223322,0.218677,0.234019,0.188202,0.200818,0.189255,0.186211,0.174418,0.193578,0.184378,0.164758,0.185824,0.169642,0.194858,0.192967,0.16824,0.193202,0.17919,0.168694,0.17886,0.180635,0.191493,0.185664,0.181879,0.196612,0.191288,0,0,0,0,,
832.46,0.221952,0.222965,0.218249,0.23395,0.189592,0.200315,0.190416,0.187936,0.176362,0.194659,0.18443,0.1634,0.185855,0.169938,0.194542,0.192761,0.16793,0.191773,0.178647,0.168956,0.178426,0.181292,0.193407,0.187123,0.181904,0.196863,0.19404,1,0,0,0,832.46," ""LED 5 s"""
840.53,0.235299,0.232788,0.22495,0.245853,0.196244,0.208849,0.197345,0.194234,0.182554,0.2014,0.19111,0.173982,0.194226,0.177422,0.201434,0.20255,0.175272,0.199625,0.189736,0.176078,0.187352,0.192477,0.202192,0.195061,0.189653,0.217323,0.217235,0,0,0,0,,
842.53,0.23011,0.229632,0.22323,0.2419,0.192133,0.204811,0.192276,0.190623,0.177315,0.199141,0.187629,0.176728,0.190033,0.175355,0.198616,0.198112,0.171519,0.196574,0.188366,0.175853,0.185706,0.192591,0.198918,0.192499,0.185902,0.213358,0.20895,0,0,0,0,,
844.53,0.226195,0.226903,0.221031,0.236304,0.19014,0.202098,0.191939,0.190263,0.176307,0.196886,0.188893,0.175547,0.188676,0.175092,0.196795,0.198909,0.170757,0.193768,0.1897,0.173194,0.183258,0.194523,0.197535,0.189793,0.184447,0.207841,0.20254,0,0,0,0,,
846.53,0.226546,0.223531,0.218901,0.237703,0.191601,0.203885,0.192148,0.189374,0.176847,0.195873,0.186709,0.177394,0.189528,0.173636,0.197243,0.198551,0.170754,0.193725,0.190647,0.172283,0.184487,0.194475,0.196909,0.189552,0.183598,0.203753,0.19931,0,0,0,0,,
848.53,0.226119,0.2251,0.218765,0.237375,0.192287,0.202025,0.19044,0.190533,0.178581,0.196745,0.186216,0.178909,0.190489,0.173684,0.196706,0.198149,0.172052,0.194287,0.19346,0.17341,0.185015,0.194941,0.197512,0.190656,0.184338,0.202625,0.195498,0,0,0,0,,
850.53,0.224653,0.224948,0.220225,0.234092,0.192112,0.203808,0.191087,0.188472,0.176413,0.195125,0.185591,0.177987,0.188196,0.171464,0.196491,0.198464,0.171238,0.193813,0.190843,0.17196,0.183863,0.194192,0.197565,0.19015,0.183675,0.201499,0.194549,0,0,0,0,,
852.53,0.223869,0.224661,0.218832,0.235391,0.191707,0.202614,0.19053,0.188042,0.177064,0.196636,0.185633,0.176981,0.190174,0.17102,0.197881,0.198527,0.170776,0.193478,0.189005,0.172298,0.182379,0.190357,0.196443,0.189348,0.183281,0.197912,0.190399,0,0,0,0,,
854.53,0.226863,0.226277,0.221945,0.237553,0.192846,0.20562,0.192777,0.19123,0.178666,0.19873,0.186307,0.17841,0.190939,0.172311,0.197576,0.199971,0.170703,0.194638,0.191751,0.172988,0.184496,0.193439,0.198934,0.190941,0.187276,0.198467,0.191421,0,0,0,0,,
856.53,0.226643,0.227041,0.221983,0.237827,0.193349,0.204597,0.194292,0.189881,0.178564,0.199095,0.18883,0.177929,0.19022,0.172992,0.199923,0.198168,0.17094,0.193043,0.189926,0.17339,0.185023,0.192537,0.197323,0.190927,0.183793,0.198145,0.189669,0,0,0,0,,
858.53,0.226618,0.225666,0.222057,0.236912,0.193169,0.203427,0.195051,0.190053,0.17712,0.198344,0.186385,0.176335,0.189936,0.173042,0.197953,0.19665,0.171211,0.192833,0.188527,0.173578,0.181937,0.189104,0.196718,0.190421,0.184591,0.197019,0.186224,0,0,0,0,,
860.53,0.226047,0.226273,0.220739,0.23672,0.193619,0.204323,0.19158,0.19055,0.178237,0.198198,0.187343,0.175183,0.190098,0.172778,0.198196,0.198151,0.170004,0.194673,0.186459,0.174288,0.183788,0.188059,0.198119,0.189821,0.184249,0.196659,0.188081,0,0,0,0,,
862.53,0.225743,0.225974,0.217919,0.235293,0.193293,0.203882,0.191966,0.189295,0.177206,0.197018,0.186451,0.174592,0.188794,0.167803,0.198253,0.196461,0.168183,0.192304,0.185172,0.171708,0.179668,0.18801,0.197851,0.188813,0.183869,0.194766,0.184197,0,0,0,0,,
864.53,0.225384,0.222753,0.218282,0.232626,0.191462,0.203934,0.191608,0.188079,0.174703,0.195828,0.186848,0.174248,0.188175,0.168785,0.197626,0.195963,0.169356,0.192104,0.1818,0.172009,0.179967,0.186584,0.19535,0.18802,0.184883,0.194008,0.184231,0,0,0,0,,
868.58,0.226733,0.227748,0.219157,0.238462,0.194823,0.205466,0.193595,0.190827,0.178444,0.197918,0.18939,0.176018,0.191371,0.172025,0.198565,0.197501,0.16825,0.193091,0.182659,0.172036,0.182692,0.186752,0.19837,0.189733,0.185047,0.196897,0.186285,0,0,0,0,,
870.58,0.222552,0.222723,0.215027,0.232498,0.192354,0.203733,0.190688,0.187951,0.174997,0.196325,0.186621,0.172796,0.18832,0.167383,0.196677,0.194074,0.169761,0.19115,0.180603,0.171565,0.18128,0.183728,0.195909,0.18802,0.182253,0.193656,0.182154,0,0,0,0,,
872.58,0.225075,0.225448,0.217723,0.235487,0.194554,0.206016,0.192704,0.190928,0.176294,0.198525,0.189519,0.173421,0.187804,0.167025,0.198527,0.195165,0.171124,0.192745,0.180336,0.17107,0.1802,0.183204,0.195376,0.189941,0.184771,0.196845,0.184078,0,0,0,0,,
874.58,0.228276,0.223915,0.220838,0.238055,0.196148,0.207583,0.193744,0.192247,0.178281,0.200171,0.189464,0.175876,0.191577,0.169681,0.199339,0.198095,0.169754,0.193665,0.18373,0.17393,0.182187,0.184891,0.198046,0.19249,0.187031,0.199115,0.186763,0,0,0,0,,
876.58,0.227342,0.228763,0.221673,0.24082,0.196164,0.209109,0.195129,0.192752,0.179725,0.201533,0.189501,0.176777,0.19344,0.171786,0.199385,0.196619,0.172541,0.196026,0.182203,0.174202,0.182702,0.182681,0.197952,0.191765,0.18742,0.202989,0.188563,0,0,0,0,,
883.61,0.224527,0.227515,0.220518,0.238376,0.195333,0.206556,0.19378,0.190658,0.179776,0.20019,0.188458,0.175506,0.190428,0.169257,0.199648,0.194753,0.171045,0.195633,0.180172,0.172531,0.181908,0.1825,0.197579,0.190493,0.187295,0.201283,0.187758,0,0,0,0,,
885.61,0.224456,0.223514,0.218529,0.235192,0.194504,0.205143,0.192176,0.190673,0.178428,0.198985,0.188769,0.173465,0.190627,0.167657,0.198429,0.196081,0.172123,0.19409,0.181162,0.171483,0.181589,0.180807,0.196611,0.191185,0.186606,0.203115,0.188087,0,0,0,0,,
887.61,0.225456,0.22645,0.220069,0.237182,0.194325,0.203848,0.192736,0.189513,0.178392,0.198245,0.189776,0.175539,0.190882,0.168285,0.198278,0.195859,0.171198,0.193633,0.181246,0.170776,0.179976,0.181232,0.196038,0.189895,0.187396,0.202782,0.18911,0,0,0,0,,
893.09,0.225739,0.229686,0.2248,0.238082,0.196205,0.205611,0.194223,0.19319,0.181091,0.202907,0.194414,0.182756,0.193985,0.168742,0.200928,0.198676,0.174031,0.197337,0.18498,0.175604,0.185979,0.186526,0.201012,0.194431,0.190248,0.205822,0.197169,0,0,0,0,,
895.09,0.224299,0.227145,0.219875,0.235734,0.193774,0.203705,0.194779,0.189816,0.177714,0.199482,0.191318,0.177088,0.190502,0.168154,0.198821,0.196728,0.173979,0.193449,0.1812,0.172444,0.183748,0.182836,0.196574,0.191851,0.187564,0.203479,0.19628,0,0,0,0,,
897.09,0.222976,0.221635,0.217507,0.23351,0.192928,0.201492,0.188195,0.18819,0.175533,0.196991,0.187583,0.172877,0.188095,0.165434,0.196681,0.193859,0.16889,0.191009,0.179214,0.169433,0.180674,0.179806,0.194581,0.188311,0.185154,0.200545,0.194974,0,0,0,0,,
899.09,0.220929,0.221069,0.218631,0.233883,0.191837,0.200978,0.190776,0.187692,0.175164,0.19664,0.187585,0.173466,0.189125,0.165239,0.19606,0.194895,0.168507,0.19104,0.178401,0.169883,0.179278,0.178618,0.194858,0.188519,0.185204,0.200346,0.203313,0,0,0,0,,
901.09,0.222712,0.223959,0.216371,0.231584,0.192811,0.204807,0.191094,0.188965,0.177287,0.197806,0.188102,0.172531,0.189886,0.167662,0.196127,0.194287,0.168883,0.191999,0.179564,0.170519,0.180644,0.179628,0.196274,0.189807,0.185433,0.202733,0.206149,0,0,0,0,,
903.09,0.22172,0.221531,0.218637,0.232851,0.191906,0.203945,0.18884,0.189201,0.175612,0.196441,0.188517,0.172933,0.189793,0.167428,0.194016,0.194288,0.168426,0.191563,0.178777,0.170153,0.182263,0.180179,0.195322,0.18819,0.18415,0.202361,0.203691,0,0,0,0,,
905.09,0.223202,0.221316,0.218163,0.236003,0.193608,0.204341,0.190429,0.187581,0.175336,0.196739,0.189064,0.174128,0.189611,0.166134,0.196028,0.193753,0.168077,0.192223,0.179926,0.169896,0.179833,0.180629,0.196683,0.189431,0.185015,0.201114,0.204756,0,0,0,0,,
907.09,0.222349,0.222816,0.21817,0.231987,0.193701,0.202223,0.189974,0.188393,0.174589,0.194935,0.188423,0.173292,0.18942,0.168696,0.194838,0.194262,0.169,0.191293,0.179008,0.169845,0.18013,0.180486,0.196594,0.189254,0.185196,0.202134,0.203213,0,0,0,0,,
909.09,0.224459,0.225627,0.219666,0.237133,0.193747,0.20401,0.190964,0.189516,0.177559,0.198337,0.190686,0.174287,0.190748,0.171136,0.197392,0.195851,0.169701,0.190962,0.181745,0.172277,0.181156,0.181197,0.198222,0.189741,0.186434,0.204048,0.200506,0,0,0,0,,
911.09,0.228,0.225982,0.22108,0.236917,0.195911,0.2055,0.192612,0.18914,0.177637,0.19802,0.189998,0.174902,0.192224,0.174439,0.197409,0.195781,0.171456,0.19404,0.181791,0.171731,0.182046,0.182378,0.199022,0.190809,0.186983,0.202986,0.201781,0,0,0,0,,
913.09,0.225142,0.222565,0.218091,0.233909,0.192732,0.202175,0.188805,0.187917,0.175782,0.196618,0.188781,0.173404,0.188394,0.171683,0.194507,0.194978,0.169758,0.191987,0.179171,0.169876,0.17958,0.180565,0.196515,0.189732,0.185222,0.202189,0.198163,0,0,0,0,,
915.09,0.22535,0.224438,0.218856,0.234554,0.193754,0.203989,0.191496,0.186801,0.174263,0.198374,0.189371,0.175485,0.189785,0.173243,0.196198,0.195152,0.170367,0.191869,0.18001,0.171053,0.180551,0.181923,0.19839,0.191521,0.184656,0.201151,0.198586,0,0,0,0,,
917.4,0.222707,0.222483,0.21885,0.233435,0.19472,0.202866,0.188279,0.188647,0.176348,0.196577,0.18806,0.173275,0.190429,0.172082,0.196113,0.194704,0.169077,0.19302,0.1813,0.171446,0.183005,0.1828,0.197575,0.190113,0.186258,0.202622,0.196469,1,0,0,0,917.4," ""LED 5 s"""
926.28,0.237583,0.237463,0.23031,0.248851,0.201562,0.210899,0.195776,0.19399,0.181097,0.204695,0.197578,0.186827,0.197039,0.185144,0.20376,0.210838,0.185425,0.203648,0.190304,0.179813,0.186443,0.19997,0.234395,0.204244,0.194875,0.220722,0.216708,0,0,0,0,,
928.28,0.23053,0.228996,0.224397,0.241932,0.19618,0.207649,0.191137,0.190705,0.177716,0.199521,0.193042,0.190977,0.190844,0.181281,0.198965,0.216708,0.188613,0.200396,0.18642,0.174123,0.183534,0.202655,0.237974,0.202064,0.191952,0.214432,0.212002,0,0,0,0,,
930.28,0.228947,0.227106,0.222428,0.236606,0.194895,0.203078,0.188859,0.187405,0.177278,0.197423,0.190878,0.193297,0.189522,0.183569,0.196563,0.223989,0.195325,0.200451,0.187312,0.172736,0.182647,0.200845,0.231873,0.202262,0.190254,0.211243,0.208717,0,0,0,0,,
932.28,0.228115,0.227044,0.221915,0.235613,0.195566,0.203462,0.190546,0.188351,0.176751,0.198143,0.191751,0.196411,0.187548,0.1851,0.197023,0.22632,0.202483,0.199609,0.18826,0.173348,0.181419,0.201926,0.225415,0.204012,0.190632,0.209277,0.20533,0,0,0,0,,
934.28,0.225425,0.225836,0.222783,0.235444,0.194848,0.201684,0.188968,0.188101,0.17467,0.198225,0.191832,0.199956,0.186242,0.184153,0.195665,0.220869,0.204572,0.19794,0.186871,0.171506,0.182503,0.202767,0.217545,0.204253,0.18761,0.206934,0.19967,0,0,0,0,,
936.28,0.228089,0.228642,0.222497,0.236642,0.196154,0.206178,0.189893,0.188968,0.176175,0.199044,0.192718,0.199762,0.188447,0.187083,0.196903,0.219869,0.203175,0.199958,0.18931,0.173532,0.183542,0.201766,0.215582,0.209693,0.191393,0.206136,0.198733,0,0,0,0,,
938.28,0.238922,0.23933,0.23207,0.247319,0.20607,0.213741,0.200128,0.197389,0.184554,0.209075,0.201372,0.207849,0.194783,0.19428,0.205719,0.22275,0.207627,0.207595,0.197375,0.180496,0.188955,0.20859,0.217806,0.218015,0.196918,0.212993,0.204764,0,0,0,0,,
940.28,0.238532,0.240121,0.232628,0.249321,0.205576,0.215453,0.204905,0.200916,0.186338,0.211361,0.202246,0.209047,0.202487,0.19677,0.209182,0.219549,0.206973,0.207997,0.197992,0.180776,0.190392,0.209348,0.217582,0.221188,0.198601,0.212886,0.205008,0,0,0,0,,
942.28,0.234628,0.238262,0.231402,0.244825,0.205717,0.214307,0.199314,0.198363,0.183867,0.208056,0.200515,0.202943,0.202386,0.193529,0.205318,0.214649,0.20253,0.204975,0.195507,0.180115,0.186145,0.205737,0.213587,0.221328,0.196497,0.208114,0.199889,0,0,0,0,,
944.28,0.228288,0.229717,0.225058,0.235794,0.198794,0.20699,0.192428,0.192071,0.178054,0.20256,0.194952,0.193369,0.196117,0.184762,0.20029,0.207893,0.194727,0.198416,0.188749,0.176208,0.182079,0.203704,0.205627,0.218885,0.191791,0.201801,0.193037,0,0,0,0,,
946.28,0.22363,0.223496,0.221039,0.235275,0.193376,0.203475,0.190298,0.187696,0.17579,0.197075,0.190835,0.188361,0.192568,0.18146,0.196515,0.202931,0.189729,0.194997,0.184444,0.172885,0.178302,0.202473,0.200813,0.2154,0.187884,0.198105,0.189635,0,0,0,0,,
948.28,0.221916,0.227347,0.219314,0.234704,0.194351,0.204326,0.190969,0.189392,0.174234,0.199211,0.190659,0.18725,0.19294,0.181304,0.197374,0.199862,0.185964,0.194115,0.185289,0.174843,0.18066,0.203498,0.200147,0.215056,0.186413,0.198601,0.188153,0,0,0,0,,
950.28,0.224493,0.225638,0.220286,0.233626,0.195932,0.204625,0.191616,0.19007,0.175617,0.198376,0.190823,0.187802,0.193189,0.181534,0.198924,0.19842,0.184456,0.195419,0.183646,0.173504,0.178294,0.202158,0.19966,0.212973,0.187815,0.197769,0.18901,0,0,0,0,,
952.28,0.233667,0.237944,0.229028,0.243601,0.20478,0.214415,0.198025,0.197448,0.182465,0.207937,0.199999,0.193163,0.199541,0.187402,0.204883,0.203699,0.188091,0.201875,0.190895,0.178316,0.185039,0.207585,0.20527,0.219856,0.194054,0.207469,0.192598,0,0,0,0,,
954.28,0.236781,0.239467,0.231229,0.245559,0.205791,0.215441,0.200633,0.19961,0.187094,0.209166,0.201323,0.19464,0.20247,0.186928,0.206119,0.205688,0.189395,0.202529,0.191421,0.179689,0.184959,0.206951,0.205769,0.218834,0.19531,0.209175,0.19362,0,0,0,0,,
956.28,0.238772,0.240064,0.229958,0.246058,0.205932,0.215103,0.20013,0.19987,0.184601,0.209519,0.202305,0.193564,0.204562,0.189,0.207928,0.207644,0.188673,0.20318,0.192684,0.181015,0.18514,0.203375,0.205895,0.217193,0.194504,0.20827,0.193989,0,0,0,0,,
958.28,0.238227,0.240361,0.230574,0.247025,0.205234,0.215964,0.200391,0.199651,0.185407,0.208897,0.201588,0.193101,0.201974,0.186941,0.207136,0.204581,0.184356,0.202382,0.192114,0.179181,0.185271,0.201487,0.205662,0.215718,0.194092,0.208646,0.191292,0,0,0,0,,
960.28,0.238046,0.240437,0.230737,0.246373,0.206542,0.214813,0.203149,0.199354,0.185874,0.207037,0.20101,0.192432,0.201863,0.18674,0.2071,0.20439,0.185004,0.201256,0.190771,0.179292,0.184934,0.200342,0.203462,0.21491,0.196259,0.208322,0.186763,0,0,0,0,,
962.28,0.235733,0.237636,0.229215,0.24115,0.204346,0.213386,0.199536,0.198367,0.183425,0.208823,0.200538,0.188845,0.199844,0.184844,0.205532,0.202275,0.183315,0.20056,0.189678,0.17944,0.18384,0.195345,0.203124,0.210707,0.192436,0.207591,0.183083,0,0,0,0,,
964.28,0.237307,0.239802,0.228476,0.242884,0.205172,0.211858,0.201308,0.199101,0.185988,0.208696,0.20276,0.18882,0.202658,0.185552,0.207264,0.204213,0.183496,0.202721,0.190034,0.179194,0.183352,0.19554,0.204588,0.209919,0.192747,0.208052,0.188366,0,0,0,0,,
966.28,0.237875,0.237316,0.23262,0.244119,0.205692,0.215938,0.199344,0.197706,0.183347,0.207477,0.201327,0.187872,0.202866,0.18636,0.207261,0.20312,0.183285,0.201849,0.191429,0.179833,0.182666,0.194615,0.204188,0.207501,0.194482,0.20622,0.191821,0,0,0,0,,
968.28,0.236078,0.237162,0.229944,0.244293,0.203459,0.214202,0.198934,0.198505,0.183489,0.208488,0.199908,0.186485,0.201805,0.1875,0.206279,0.202128,0.181057,0.202252,0.190832,0.179517,0.185259,0.194232,0.202386,0.207015,0.194252,0.208382,0.192604,0,0,0,0,,
970.28,0.228205,0.229455,0.223569,0.235954,0.19783,0.206174,0.192642,0.191577,0.178014,0.200315,0.193358,0.181028,0.194009,0.178034,0.199872,0.194252,0.174753,0.194229,0.183894,0.175216,0.17826,0.187243,0.196326,0.200566,0.187956,0.199274,0.188417,0,0,0,0,,
972.28,0.228785,0.228394,0.22202,0.234523,0.197138,0.204656,0.191701,0.191925,0.177612,0.199122,0.193566,0.181831,0.19402,0.178086,0.198373,0.195334,0.173498,0.194401,0.181573,0.173017,0.178228,0.185578,0.195374,0.199871,0.186926,0.199083,0.190141,0,0,0,0,,
974.28,0.229843,0.22993,0.225087,0.236213,0.197031,0.208889,0.192926,0.192386,0.178905,0.201117,0.194745,0.18323,0.195678,0.178729,0.200719,0.196339,0.176072,0.19565,0.184087,0.172959,0.179989,0.186798,0.197397,0.199575,0.189288,0.200447,0.19705,0,0,0,0,,
976.28,0.231687,0.231563,0.223045,0.238221,0.199159,0.207594,0.194668,0.192564,0.17828,0.202035,0.195776,0.182899,0.197801,0.18023,0.200375,0.197261,0.176225,0.196813,0.185013,0.174272,0.180427,0.186191,0.198064,0.199401,0.189246,0.203534,0.202132,0,0,0,0,,
978.28,0.230786,0.230647,0.223717,0.236314,0.197152,0.205466,0.193377,0.193391,0.178964,0.203364,0.194196,0.180656,0.196002,0.178542,0.199383,0.196731,0.173723,0.194612,0.184618,0.174584,0.179635,0.186111,0.198379,0.198755,0.186718,0.20482,0.200058,0,0,0,0,,
980.28,0.236748,0.236263,0.23348,0.245394,0.20527,0.2158,0.198498,0.198164,0.184159,0.208985,0.200084,0.187804,0.203226,0.184391,0.206259,0.202232,0.179397,0.200613,0.188819,0.179572,0.18505,0.190148,0.203793,0.203575,0.194564,0.21139,0.206385,0,0,0,0,,
982.28,0.228964,0.227229,0.222444,0.236609,0.195887,0.20514,0.189934,0.190883,0.17835,0.199028,0.191742,0.179645,0.193096,0.177658,0.197122,0.19449,0.1745,0.193241,0.18174,0.172638,0.178064,0.183775,0.19465,0.195282,0.187213,0.205708,0.201908,0,0,0,0,,
984.28,0.226305,0.227212,0.221572,0.236264,0.194837,0.202963,0.191453,0.189631,0.177774,0.19909,0.19244,0.177063,0.19377,0.1762,0.197699,0.193968,0.173473,0.193521,0.181163,0.171691,0.178466,0.184196,0.194345,0.194407,0.186345,0.204882,0.204082,0,0,0,0,,
986.28,0.234909,0.235745,0.228367,0.242137,0.200939,0.211582,0.195683,0.195661,0.183619,0.205595,0.197512,0.184802,0.19933,0.182543,0.203804,0.199305,0.177252,0.198104,0.186783,0.17614,0.182411,0.186093,0.199217,0.199206,0.192596,0.210643,0.210605,0,0,0,0,,
988.28,0.232224,0.237033,0.226418,0.239098,0.199149,0.211012,0.19533,0.195357,0.182808,0.203659,0.19528,0.184288,0.19878,0.181165,0.202495,0.19955,0.177725,0.196262,0.186056,0.175582,0.18392,0.187413,0.198419,0.19862,0.190742,0.210668,0.208864,0,0,0,0,,
990.28,0.231216,0.232853,0.226035,0.238359,0.19979,0.209014,0.193609,0.193379,0.180962,0.203991,0.196098,0.184155,0.197018,0.178925,0.201602,0.197667,0.176067,0.196152,0.185429,0.175863,0.180785,0.186428,0.19821,0.197234,0.189836,0.208856,0.202878,0,0,0,0,,
992.28,0.217423,0.220294,0.214107,0.225597,0.188049,0.196799,0.184298,0.182276,0.170629,0.191769,0.185271,0.172418,0.187383,0.168063,0.189633,0.188261,0.16632,0.18611,0.173966,0.165653,0.171789,0.177745,0.187951,0.185529,0.178735,0.197002,0.192986,0,0,0,0,,
994.28,0.218791,0.222135,0.213134,0.226064,0.186851,0.195845,0.183419,0.182072,0.170492,0.191358,0.184053,0.173463,0.186096,0.170849,0.189589,0.186404,0.167632,0.185708,0.173344,0.164451,0.171084,0.177559,0.18833,0.186152,0.177793,0.1967,0.190761,0,0,0,0,,
996.28,0.217947,0.220097,0.213878,0.224447,0.185815,0.195855,0.182522,0.181883,0.170114,0.190401,0.185174,0.170588,0.185837,0.169652,0.188533,0.18647,0.16502,0.185647,0.174347,0.165398,0.171012,0.175765,0.186953,0.185541,0.178775,0.199094,0.189608,0,0,0,0,,
998.28,0.216678,0.219557,0.215502,0.225433,0.186242,0.196672,0.182545,0.182467,0.169472,0.192192,0.184105,0.171081,0.186529,0.170396,0.188233,0.186431,0.166269,0.18427,0.175391,0.164988,0.172635,0.177519,0.187511,0.18591,0.178205,0.199535,0.187166,0,0,0,0,,
1000.28,0.217891,0.21751,0.214073,0.225046,0.186012,0.196423,0.183541,0.182985,0.16959,0.18964,0.184331,0.170874,0.185588,0.168765,0.189028,0.185786,0.165712,0.183384,0.174217,0.164556,0.171474,0.176488,0.187591,0.184901,0.180107,0.198432,0.187006,0,0,0,0,,
1002.28,0.216139,0.217591,0.210091,0.223959,0.186647,0.194982,0.181574,0.180643,0.166907,0.189253,0.182876,0.170603,0.184097,0.16868,0.187678,0.184307,0.164243,0.182852,0.17218,0.162843,0.168696,0.176654,0.185547,0.183715,0.177601,0.197378,0.184176,0,0,0,0,,
1004.28,0.215394,0.217555,0.213273,0.225196,0.185973,0.194503,0.179825,0.180225,0.16712,0.188346,0.182262,0.16907,0.185567,0.169733,0.186075,0.18474,0.165728,0.183468,0.172075,0.16263,0.169144,0.174476,0.184629,0.183262,0.177742,0.196699,0.183326,0,0,0,0,,
1006.28,0.21607,0.218245,0.211131,0.22016,0.18385,0.193225,0.179852,0.1786,0.166126,0.187104,0.182069,0.169037,0.183687,0.167415,0.186939,0.183774,0.162864,0.182822,0.172795,0.161471,0.171548,0.174657,0.186106,0.182816,0.175941,0.194272,0.181425,0,0,0,0,,
1008.28,0.218,0.217598,0.209674,0.223967,0.184493,0.192993,0.17971,0.180336,0.166235,0.189237,0.181216,0.170295,0.184539,0.169536,0.186435,0.184387,0.164881,0.183502,0.172232,0.162175,0.171756,0.175075,0.185632,0.183813,0.177431,0.196299,0.180779,0,0,0,0,,
1010.28,0.215298,0.217397,0.21054,0.223783,0.185026,0.194138,0.177617,0.179654,0.165622,0.187305,0.180968,0.168259,0.184269,0.167124,0.185308,0.18427,0.163538,0.182711,0.170347,0.160093,0.172474,0.173311,0.185621,0.181833,0.176846,0.193929,0.18083,0,0,0,0,,
1012.28,0.215598,0.218297,0.211494,0.223036,0.184646,0.194585,0.179313,0.178884,0.167596,0.189731,0.182236,0.168651,0.183567,0.168486,0.185334,0.184475,0.164887,0.182592,0.172656,0.163636,0.17413,0.175405,0.186514,0.184146,0.178372,0.194736,0.180579,0,0,0,0,,
1014.28,0.217076,0.217156,0.212444,0.221685,0.184524,0.19425,0.179627,0.179174,0.165887,0.189577,0.182038,0.170253,0.184534,0.167894,0.186079,0.18426,0.165182,0.182782,0.170988,0.162155,0.173699,0.175482,0.186807,0.182686,0.179381,0.194195,0.181431,0,0,0,0,,
1016.28,0.21543,0.21436,0.210728,0.224007,0.184741,0.193773,0.180157,0.179536,0.166215,0.188076,0.181536,0.169648,0.183456,0.168478,0.184128,0.183115,0.165132,0.183139,0.173046,0.162419,0.172626,0.175063,0.185889,0.183942,0.180623,0.190643,0.181962,0,0,0,0,,
1018.28,0.216721,0.217618,0.21061,0.223087,0.186584,0.194056,0.180755,0.179274,0.167027,0.189385,0.183469,0.17036,0.183922,0.17035,0.184575,0.185229,0.165667,0.185221,0.17341,0.162742,0.17522,0.17583,0.18668,0.183202,0.18105,0.191232,0.181103,0,0,0,0,,
1020.28,0.216036,0.217412,0.212538,0.223331,0.185654,0.194735,0.179504,0.180969,0.167228,0.18975,0.182042,0.170256,0.184348,0.169257,0.184578,0.186158,0.165778,0.183505,0.173145,0.161751,0.173724,0.175021,0.186563,0.183077,0.181153,0.192328,0.181397,0,0,0,0,,
1022.28,0.218024,0.215596,0.211354,0.226093,0.185616,0.192894,0.181545,0.181013,0.168102,0.189582,0.182963,0.170859,0.184574,0.170793,0.185583,0.185936,0.166389,0.183825,0.172713,0.162861,0.174272,0.175309,0.188445,0.18488,0.181785,0.192654,0.182829,0,0,0,0,,
1024.28,0.218423,0.214233,0.210161,0.22684,0.185511,0.1926,0.180292,0.179684,0.169232,0.187907,0.183393,0.170902,0.184335,0.168663,0.18409,0.186199,0.166198,0.184161,0.173221,0.164467,0.175258,0.175574,0.186717,0.185293,0.182395,0.192529,0.182879,0,0,0,0,,
1026.28,0.216643,0.215191,0.212862,0.225197,0.185077,0.194598,0.180021,0.180148,0.167796,0.187734,0.181762,0.168686,0.186784,0.168917,0.183986,0.185411,0.164212,0.183179,0.172924,0.162811,0.174109,0.175035,0.187569,0.183902,0.182575,0.192167,0.182055,0,0,0,0,,
1028.28,0.217611,0.213584,0.210609,0.223194,0.183471,0.192782,0.179756,0.181005,0.168028,0.188213,0.181781,0.170411,0.183547,0.168362,0.184046,0.185282,0.166228,0.183511,0.172616,0.161916,0.17533,0.175682,0.187663,0.182869,0.182495,0.192154,0.182299,0,0,0,0,,
1030.28,0.217263,0.214143,0.211284,0.222396,0.183837,0.193539,0.182339,0.179019,0.168407,0.187472,0.182286,0.168822,0.184918,0.16883,0.184446,0.18462,0.165678,0.183078,0.174477,0.162111,0.173721,0.175474,0.18785,0.183886,0.181288,0.191794,0.183347,0,0,0,0,,
1032.28,0.214198,0.21257,0.209233,0.223935,0.184,0.192294,0.17838,0.179494,0.166286,0.187657,0.181395,0.170576,0.183327,0.168431,0.181639,0.18515,0.165972,0.182647,0.170432,0.162407,0.173482,0.176472,0.187359,0.183881,0.180233,0.191793,0.180946,0,0,0,0,,
1034.28,0.217846,0.2153,0.211524,0.224117,0.185115,0.192551,0.180109,0.179587,0.166719,0.187368,0.182105,0.170175,0.184731,0.170103,0.183525,0.18672,0.165674,0.183611,0.172852,0.162347,0.17441,0.174758,0.188273,0.183661,0.182333,0.190908,0.184302,0,0,0,0,,
1036.28,0.216903,0.216835,0.211213,0.222894,0.183281,0.195419,0.178923,0.179747,0.166255,0.188497,0.181413,0.171488,0.182309,0.167456,0.182247,0.185285,0.165638,0.182259,0.171308,0.161777,0.17539,0.174716,0.187728,0.183055,0.181439,0.193229,0.185079,0,0,0,0,,
1038.28,0.218935,0.218028,0.21086,0.222338,0.184436,0.193249,0.181302,0.179875,0.166939,0.188274,0.183031,0.170343,0.185237,0.168616,0.183595,0.185007,0.164525,0.185357,0.172225,0.162678,0.177136,0.175594,0.189203,0.18407,0.18108,0.194443,0.186264,0,0,0,0,,
1040.28,0.219244,0.219151,0.212989,0.223996,0.184485,0.193079,0.182234,0.17985,0.166459,0.189134,0.183366,0.170337,0.185567,0.168441,0.183905,0.187087,0.166283,0.184549,0.173059,0.16249,0.176681,0.175841,0.189992,0.18362,0.180813,0.194165,0.187789,0,0,0,0,,
1042.28,0.218125,0.217874,0.211101,0.223983,0.185007,0.195257,0.180286,0.179018,0.167536,0.188449,0.182994,0.171213,0.18515,0.169124,0.182758,0.186168,0.167424,0.185031,0.171535,0.162489,0.175965,0.175061,0.18941,0.184499,0.180207,0.193723,0.186197,0,0,0,0,,
1044.28,0.217124,0.220148,0.211212,0.224891,0.185273,0.194888,0.180909,0.181426,0.168616,0.188984,0.183279,0.170082,0.185158,0.169526,0.184926,0.186956,0.165385,0.185263,0.172799,0.161717,0.17593,0.174618,0.189299,0.184227,0.180715,0.19351,0.188797,0,0,0,0,,
1046.28,0.216085,0.21915,0.213462,0.224023,0.186171,0.19421,0.183152,0.181707,0.168548,0.189072,0.182313,0.171116,0.186882,0.169692,0.186031,0.188031,0.167427,0.185514,0.17359,0.162495,0.177042,0.176135,0.19072,0.184963,0.180617,0.191747,0.190421,0,0,0,0,,
1048.28,0.217335,0.218926,0.211515,0.222061,0.184831,0.191911,0.179975,0.178469,0.166785,0.189098,0.182995,0.168969,0.185263,0.168998,0.185308,0.186985,0.16547,0.183505,0.17249,0.163254,0.17471,0.175204,0.192101,0.18272,0.179187,0.191347,0.191441,0,0,0,0,,
1050.28,0.216407,0.216733,0.209917,0.223094,0.184124,0.195074,0.179057,0.179367,0.16895,0.18914,0.185395,0.172163,0.18461,0.168668,0.184944,0.185487,0.165879,0.183501,0.172159,0.16251,0.175628,0.174637,0.192888,0.184199,0.178959,0.191222,0.192067,0,0,0,0,,
1052.28,0.217201,0.222158,0.209512,0.22456,0.184559,0.194083,0.179743,0.178885,0.1673,0.188355,0.183808,0.170044,0.184583,0.170909,0.186085,0.188168,0.165074,0.183445,0.172582,0.163006,0.175671,0.173088,0.192876,0.184667,0.178605,0.191851,0.192235,0,0,0,0,,
1054.28,0.215931,0.219678,0.209218,0.221571,0.18406,0.191965,0.181065,0.178867,0.167612,0.18688,0.183227,0.17049,0.184881,0.169517,0.188363,0.186535,0.166629,0.18385,0.171549,0.160205,0.174629,0.175416,0.19327,0.183931,0.175971,0.193087,0.192282,0,0,0,0,,
1056.28,0.216894,0.219591,0.209415,0.223691,0.183512,0.192899,0.180607,0.179158,0.168214,0.189503,0.182731,0.171259,0.184658,0.170829,0.188505,0.18713,0.167619,0.183403,0.173728,0.163601,0.176555,0.17335,0.195101,0.18514,0.176335,0.193549,0.191292,0,0,0,0,,
1058.28,0.215587,0.21869,0.211587,0.222683,0.182867,0.192181,0.179,0.179017,0.165829,0.188976,0.182563,0.169538,0.184557,0.170657,0.187381,0.186803,0.167266,0.183099,0.171397,0.16415,0.174267,0.174239,0.195045,0.183133,0.176298,0.193414,0.188589,0,0,0,0,,
1060.28,0.217098,0.218787,0.211109,0.223044,0.184149,0.193906,0.179666,0.179184,0.165945,0.187604,0.183418,0.169501,0.186327,0.168759,0.186614,0.186803,0.168858,0.184371,0.174318,0.162976,0.175207,0.173755,0.195247,0.184097,0.176611,0.194526,0.187473,0,0,0,0,,
1062.28,0.218458,0.217445,0.21221,0.224067,0.184824,0.191919,0.180915,0.179657,0.167969,0.188873,0.182453,0.169039,0.185481,0.17206,0.187143,0.187562,0.167588,0.184298,0.172767,0.162319,0.1764,0.174655,0.196606,0.184886,0.176261,0.193695,0.187943,0,0,0,0,,
1064.28,0.217839,0.215934,0.208748,0.220666,0.182639,0.189704,0.179015,0.178962,0.165112,0.188032,0.180577,0.168808,0.184306,0.168683,0.18732,0.185509,0.166382,0.182382,0.171017,0.162306,0.174134,0.174477,0.196638,0.18354,0.175292,0.193187,0.186999,0,0,0,0,,
1066.28,0.216371,0.216426,0.208942,0.221809,0.183992,0.190383,0.177933,0.1777,0.167131,0.186681,0.181313,0.167698,0.1846,0.169878,0.186942,0.186893,0.166688,0.18235,0.172449,0.16286,0.174247,0.173293,0.197332,0.184799,0.174631,0.194335,0.186045,0,0,0,0,,
1068.28,0.21665,0.215926,0.208033,0.224042,0.184519,0.19237,0.178847,0.179377,0.164628,0.189069,0.181074,0.169926,0.183721,0.168573,0.187273,0.186755,0.167003,0.182829,0.17206,0.163138,0.174802,0.174348,0.20148,0.184941,0.17515,0.192799,0.18542,0,0,0,0,,
1070.28,0.217538,0.217565,0.211484,0.223799,0.18403,0.192268,0.17855,0.179781,0.166355,0.187809,0.17975,0.169077,0.185292,0.171459,0.186209,0.187689,0.170506,0.183906,0.17306,0.162475,0.174361,0.174385,0.202296,0.185372,0.175723,0.193518,0.186543,0,0,0,0,,
1072.28,0.21826,0.216473,0.209915,0.222509,0.183551,0.193143,0.179089,0.179834,0.166227,0.189044,0.180471,0.170779,0.186091,0.171124,0.187235,0.188554,0.16815,0.182877,0.172868,0.161509,0.175752,0.175121,0.204513,0.185097,0.175167,0.194083,0.185548,0,0,0,0,,
1074.28,0.216516,0.216016,0.210216,0.222668,0.183389,0.191484,0.178353,0.177958,0.165484,0.189252,0.181955,0.168529,0.183925,0.169985,0.186439,0.189418,0.169721,0.183906,0.17401,0.162252,0.173707,0.174026,0.205621,0.18491,0.173174,0.192964,0.184226,0,0,0,0,,
1076.28,0.214496,0.215748,0.210514,0.223131,0.184381,0.191964,0.179735,0.179463,0.165445,0.188065,0.180977,0.169711,0.185242,0.169678,0.1865,0.188874,0.170164,0.183111,0.172188,0.162913,0.175394,0.175003,0.204834,0.184709,0.175737,0.192988,0.185302,0,0,0,0,,
1078.28,0.21564,0.213665,0.211531,0.220262,0.184138,0.191808,0.178195,0.17783,0.166273,0.187996,0.182745,0.170773,0.184151,0.170365,0.186004,0.189313,0.168257,0.182782,0.171805,0.161287,0.17515,0.175162,0.203945,0.185869,0.174301,0.193469,0.184615,0,0,0,0,,
1080.28,0.217078,0.216021,0.209407,0.223001,0.184148,0.192449,0.179445,0.179088,0.167309,0.186973,0.180844,0.169532,0.185204,0.170035,0.187084,0.188896,0.171182,0.183285,0.172419,0.161111,0.175803,0.174666,0.203613,0.18702,0.175226,0.192725,0.183485,0,0,0,0,,
1082.28,0.21677,0.214281,0.208784,0.220685,0.184115,0.19299,0.17895,0.179731,0.165872,0.186665,0.181407,0.170356,0.185959,0.170047,0.185798,0.190143,0.171473,0.182956,0.173393,0.161249,0.176664,0.175924,0.202637,0.187096,0.173554,0.191676,0.182045,0,0,0,0,,
1084.28,0.217411,0.213496,0.208811,0.22241,0.183985,0.192023,0.179956,0.179139,0.167216,0.188489,0.182367,0.170745,0.185816,0.171549,0.185786,0.189406,0.169704,0.182495,0.172552,0.16207,0.177024,0.176698,0.201384,0.186254,0.174861,0.193054,0.182123,0,0,0,0,,
1086.28,0.215397,0.213276,0.210789,0.223119,0.182557,0.191772,0.179737,0.179535,0.165375,0.188307,0.1812,0.171001,0.185204,0.169507,0.185827,0.188431,0.170569,0.181511,0.170939,0.16136,0.175876,0.174458,0.199485,0.186244,0.17372,0.191138,0.180923,0,0,0,0,,
1088.28,0.216285,0.213349,0.208315,0.221223,0.184693,0.193775,0.178992,0.17938,0.167204,0.187161,0.180296,0.171454,0.185149,0.170866,0.186699,0.189675,0.17236,0.183349,0.17223,0.162177,0.17593,0.175138,0.198925,0.186855,0.175462,0.191876,0.183615,0,0,0,0,,
1090.28,0.213605,0.214103,0.207005,0.224103,0.183675,0.192071,0.179238,0.178998,0.165724,0.187979,0.180843,0.170077,0.184411,0.170693,0.18517,0.189818,0.172258,0.182608,0.172718,0.161908,0.17642,0.17569,0.197385,0.187444,0.174252,0.191411,0.184343,0,0,0,0,,
1092.28,0.215249,0.215989,0.210253,0.223338,0.183423,0.194916,0.181592,0.180275,0.167146,0.189214,0.181363,0.171756,0.185488,0.171103,0.185794,0.191011,0.174021,0.183876,0.172738,0.162326,0.17655,0.17444,0.195436,0.187338,0.174057,0.191525,0.184551,0,0,0,0,,
1094.28,0.216478,0.212221,0.20923,0.223332,0.184443,0.194382,0.180347,0.180937,0.166896,0.187842,0.182308,0.169985,0.185304,0.171577,0.184913,0.190443,0.174182,0.183892,0.174836,0.163507,0.17572,0.175036,0.19449,0.188462,0.174788,0.192609,0.187909,0,0,0,0,,
1096.28,0.217091,0.213404,0.210705,0.222463,0.185043,0.193268,0.180588,0.180667,0.167284,0.187876,0.183528,0.170856,0.186718,0.171821,0.185231,0.191512,0.175423,0.184589,0.174707,0.163147,0.176653,0.176965,0.193148,0.188679,0.17475,0.191367,0.187689,0,0,0,0,,
1098.28,0.218534,0.216279,0.211917,0.225839,0.187282,0.193888,0.182521,0.181268,0.168918,0.191453,0.184744,0.173203,0.188391,0.172037,0.188037,0.192591,0.175629,0.186618,0.174814,0.163335,0.179335,0.17888,0.194463,0.192266,0.176166,0.194197,0.190552,0,0,0,0,,
1100.28,0.216375,0.213002,0.210353,0.223122,0.184366,0.191432,0.179686,0.179734,0.167145,0.187324,0.182735,0.17157,0.186156,0.170229,0.184594,0.192416,0.175775,0.184083,0.173379,0.162762,0.1755,0.176329,0.190741,0.188904,0.173278,0.193582,0.189125,0,0,0,0,,
1102.28,0.216304,0.215502,0.209233,0.225033,0.184754,0.193868,0.18182,0.18339,0.167378,0.187387,0.18198,0.171777,0.185758,0.171696,0.186621,0.192396,0.177664,0.186149,0.174864,0.163878,0.178045,0.177551,0.191048,0.190324,0.173963,0.193097,0.190071,0,0,0,0,,
1104.28,0.218769,0.216281,0.212986,0.226171,0.186904,0.193311,0.181692,0.183571,0.168832,0.18882,0.183185,0.173446,0.188163,0.172169,0.187493,0.19347,0.178756,0.187251,0.176737,0.163211,0.178756,0.178982,0.19249,0.193409,0.174287,0.191864,0.18909,0,0,0,0,,
1106.28,0.216519,0.216142,0.212575,0.225367,0.185394,0.193435,0.180192,0.181909,0.166406,0.189551,0.182941,0.173309,0.187339,0.172491,0.186176,0.192935,0.17976,0.185969,0.175357,0.163908,0.176549,0.177066,0.191242,0.191716,0.173814,0.192264,0.191277,0,0,0,0,,
1108.28,0.218005,0.214262,0.210303,0.223797,0.184303,0.193592,0.180593,0.181151,0.166417,0.188217,0.182337,0.171501,0.188453,0.17209,0.185034,0.193107,0.178646,0.183978,0.1749,0.162556,0.177643,0.177333,0.190772,0.192303,0.174282,0.191356,0.189486,0,0,0,0,,
1110.28,0.218037,0.214795,0.211837,0.22471,0.184179,0.19399,0.179901,0.18062,0.166991,0.188098,0.18259,0.170903,0.187504,0.17107,0.185296,0.1931,0.177856,0.185656,0.173874,0.162562,0.176704,0.176913,0.188308,0.193584,0.174098,0.190625,0.187411,0,0,0,0,,
1112.28,0.217362,0.213764,0.211904,0.224169,0.185168,0.192159,0.179927,0.180997,0.167164,0.187404,0.181376,0.17201,0.187049,0.173757,0.185405,0.194429,0.17909,0.185916,0.173487,0.164422,0.17674,0.176874,0.187893,0.194301,0.174071,0.19169,0.18633,0,0,0,0,,
1114.28,0.217961,0.214415,0.211411,0.223044,0.185695,0.193144,0.179451,0.180462,0.167016,0.189487,0.182122,0.170543,0.186503,0.172239,0.187025,0.194477,0.179091,0.185882,0.173797,0.162423,0.176881,0.175993,0.188858,0.195034,0.173812,0.193463,0.186746,0,0,0,0,,
1116.28,0.218488,0.219998,0.21571,0.227126,0.187385,0.195805,0.182794,0.183691,0.169794,0.191245,0.185119,0.174136,0.18877,0.172457,0.188566,0.19921,0.181395,0.187028,0.177661,0.166777,0.179888,0.179117,0.191442,0.200273,0.175636,0.196319,0.188496,0,0,0,0,,
1118.28,0.221181,0.218141,0.21453,0.226796,0.187356,0.196403,0.182479,0.183015,0.169761,0.192086,0.184929,0.174618,0.189838,0.174708,0.187989,0.19763,0.180611,0.188219,0.176285,0.167205,0.179673,0.180399,0.190265,0.201381,0.175204,0.192687,0.189975,0,0,0,0,,
1120.28,0.222559,0.217766,0.213755,0.229028,0.187306,0.196769,0.183407,0.184023,0.171455,0.191946,0.185254,0.174486,0.190314,0.175842,0.188089,0.200876,0.183588,0.188181,0.178303,0.165614,0.180992,0.178657,0.191674,0.20303,0.176866,0.194513,0.190277,0,0,0,0,,
1122.28,0.220064,0.215542,0.21078,0.228356,0.187292,0.196928,0.182786,0.183609,0.171686,0.190024,0.18433,0.172592,0.187899,0.174148,0.187262,0.200037,0.181411,0.186831,0.175959,0.164357,0.180911,0.177943,0.189742,0.203699,0.174661,0.192629,0.188265,0,0,0,0,,
1124.28,0.220788,0.219452,0.213716,0.228668,0.187881,0.198441,0.185695,0.184214,0.17029,0.19219,0.186458,0.174011,0.190549,0.176754,0.188823,0.203556,0.180321,0.188922,0.178021,0.166804,0.180473,0.179368,0.191969,0.205789,0.177716,0.19648,0.190688,0,0,0,0,,
1126.28,0.223566,0.219228,0.21446,0.228656,0.190099,0.197264,0.184948,0.185381,0.171878,0.194124,0.186764,0.175158,0.19211,0.176186,0.189296,0.206113,0.184073,0.191664,0.179758,0.169259,0.183023,0.181527,0.192933,0.207912,0.179061,0.197322,0.19176,0,0,0,0,,
1128.28,0.231426,0.231265,0.221522,0.237744,0.196481,0.20504,0.191132,0.192901,0.178499,0.198797,0.194002,0.181996,0.198723,0.182493,0.195623,0.211397,0.187578,0.19729,0.185918,0.173789,0.18849,0.186313,0.198983,0.215289,0.186056,0.201978,0.197774,0,0,0,0,,
1130.28,0.231418,0.228652,0.223224,0.23784,0.195356,0.205055,0.191272,0.191532,0.177582,0.20039,0.193686,0.182093,0.197515,0.184426,0.196644,0.21385,0.18834,0.197453,0.187102,0.173325,0.187573,0.185066,0.197901,0.213767,0.18429,0.202941,0.198813,0,0,0,0,,
1132.28,0.233279,0.232291,0.226228,0.240412,0.198789,0.207769,0.191222,0.19266,0.17832,0.202121,0.194981,0.183452,0.199096,0.183197,0.198139,0.215008,0.187669,0.198522,0.185539,0.175404,0.18888,0.188627,0.200303,0.214278,0.184766,0.202986,0.198775,0,0,0,0,,
1134.28,0.228003,0.225411,0.220732,0.235611,0.193517,0.202578,0.186797,0.188954,0.175076,0.194173,0.191954,0.181227,0.196058,0.180024,0.193042,0.211591,0.182312,0.19333,0.181739,0.170489,0.185945,0.18718,0.195894,0.208832,0.180721,0.200062,0.191216,0,0,0,0,,
1136.28,0.226448,0.224967,0.221303,0.234615,0.194305,0.202329,0.188378,0.188128,0.175317,0.19652,0.191765,0.178286,0.196388,0.180624,0.193122,0.210136,0.184028,0.195173,0.181318,0.170302,0.186067,0.18686,0.196141,0.207128,0.18182,0.199632,0.190949,0,0,0,0,,
1138.28,0.235226,0.232717,0.225882,0.240208,0.199934,0.209513,0.194382,0.194887,0.180173,0.204767,0.196898,0.185761,0.201729,0.185449,0.198991,0.214642,0.186712,0.201386,0.188241,0.177497,0.191444,0.194104,0.202561,0.212623,0.187861,0.206294,0.198607,0,0,0,0,,
1140.28,0.232275,0.2288,0.224041,0.238094,0.195213,0.205184,0.192398,0.190805,0.179065,0.199211,0.194083,0.18347,0.199315,0.183608,0.196527,0.209656,0.183757,0.197655,0.183748,0.17351,0.190173,0.191245,0.199975,0.207315,0.183271,0.20246,0.193155,0,0,0,0,,
1142.28,0.230399,0.226921,0.220154,0.236924,0.196021,0.20354,0.190191,0.189774,0.176929,0.198872,0.193175,0.180427,0.196164,0.180821,0.195041,0.206627,0.182921,0.195301,0.184483,0.174763,0.187548,0.189307,0.197393,0.205396,0.182138,0.201032,0.189343,0,0,0,0,,
1144.28,0.228543,0.227709,0.223849,0.237454,0.195127,0.204954,0.191172,0.190698,0.177064,0.199907,0.192814,0.182459,0.196679,0.179569,0.194149,0.206142,0.183759,0.196833,0.185597,0.172131,0.187416,0.189609,0.198453,0.203492,0.181789,0.201286,0.190526,0,0,0,0,,
1146.28,0.227624,0.224924,0.218461,0.234157,0.19312,0.203377,0.189261,0.188723,0.174174,0.198479,0.190569,0.17882,0.195438,0.179096,0.193065,0.202708,0.180835,0.193467,0.182718,0.171897,0.18574,0.187169,0.197548,0.200475,0.180677,0.200607,0.186346,0,0,0,0,,
1148.28,0.229602,0.226796,0.221985,0.236419,0.194474,0.203676,0.188285,0.18999,0.175527,0.199502,0.191019,0.179549,0.194783,0.180289,0.192647,0.200762,0.18131,0.194736,0.182454,0.170749,0.186814,0.187927,0.197522,0.199539,0.18043,0.20099,0.188703,0,0,0,0,,
1150.28,0.227111,0.226732,0.219484,0.234322,0.192795,0.202942,0.188257,0.187706,0.17585,0.196197,0.189399,0.177051,0.195307,0.177745,0.192346,0.199537,0.179558,0.192809,0.182445,0.169408,0.186259,0.185362,0.196466,0.196977,0.178569,0.197264,0.187429,0,0,0,0,,
1152.28,0.228786,0.226482,0.222491,0.233874,0.195345,0.203103,0.189927,0.187551,0.174373,0.196217,0.190016,0.180369,0.19548,0.181303,0.192949,0.199166,0.181998,0.19382,0.182282,0.171654,0.186135,0.18687,0.197657,0.198415,0.178225,0.200233,0.188631,0,0,0,0,,
1154.28,0.228502,0.225329,0.220639,0.233213,0.192144,0.202625,0.187657,0.18672,0.175471,0.195797,0.190172,0.178826,0.19479,0.178957,0.192316,0.196867,0.180514,0.192705,0.181666,0.173071,0.185085,0.185861,0.196671,0.193838,0.177889,0.202101,0.188109,0,0,0,0,,
1163.53,0.241353,0.239588,0.233553,0.252733,0.199499,0.208741,0.193629,0.195185,0.18001,0.203272,0.196969,0.194403,0.207,0.197474,0.19949,0.209124,0.210657,0.211265,0.193584,0.180139,0.196818,0.201196,0.236919,0.209522,0.186047,0.218534,0.214983,1,0,0,0,1155.21," ""LED 5 s"""
1165.53,0.23758,0.232915,0.22823,0.244141,0.195847,0.205595,0.191311,0.191629,0.178193,0.201883,0.192704,0.197236,0.206037,0.202966,0.195864,0.21118,0.218435,0.217219,0.192138,0.176904,0.197546,0.203726,0.240781,0.21219,0.182572,0.216766,0.214359,0,0,0,0,,
1167.53,0.233047,0.23068,0.226558,0.238815,0.194675,0.20421,0.190699,0.19205,0.175365,0.197704,0.192329,0.205077,0.205676,0.211912,0.192652,0.213472,0.212745,0.21516,0.194699,0.176469,0.195388,0.20472,0.234044,0.216348,0.18194,0.214374,0.210031,0,0,0,0,,
1169.53,0.234681,0.229147,0.226683,0.23899,0.194906,0.205332,0.190869,0.190126,0.177436,0.198339,0.192102,0.210911,0.208682,0.216142,0.193898,0.219986,0.209653,0.212235,0.195791,0.176906,0.196494,0.202874,0.22594,0.2232,0.18209,0.212476,0.205684,0,0,0,0,,
1171.53,0.229621,0.228448,0.223119,0.235644,0.193211,0.204523,0.188895,0.188771,0.177508,0.198294,0.191825,0.211179,0.207793,0.214922,0.193296,0.219622,0.204526,0.209461,0.193203,0.176474,0.198267,0.202141,0.219695,0.22206,0.181382,0.208893,0.202254,0,0,0,0,,
1173.53,0.229871,0.227238,0.222657,0.235936,0.193423,0.203641,0.189938,0.189109,0.174845,0.197873,0.19151,0.205842,0.208166,0.213868,0.192283,0.216757,0.202135,0.206406,0.192734,0.176639,0.197683,0.198214,0.214814,0.220512,0.181323,0.208772,0.196781,0,0,0,0,,
1176.09,0.23065,0.227678,0.221505,0.23549,0.193967,0.203831,0.188184,0.188514,0.176368,0.196766,0.190149,0.201714,0.208542,0.211833,0.19133,0.212586,0.195175,0.202074,0.1916,0.176265,0.199001,0.196991,0.209134,0.216625,0.180951,0.206098,0.194761,0,0,0,0,,
1178.09,0.230439,0.223435,0.220676,0.231512,0.192792,0.203736,0.186453,0.187826,0.174946,0.195601,0.189385,0.19668,0.208961,0.206165,0.192526,0.211026,0.191664,0.199634,0.191325,0.177928,0.200369,0.194457,0.205435,0.212497,0.180083,0.206036,0.193904,0,0,0,0,,
1180.44,0.228546,0.225141,0.219687,0.229812,0.191099,0.202416,0.186758,0.188282,0.176117,0.196152,0.189127,0.193331,0.206977,0.198492,0.190849,0.206821,0.187758,0.196726,0.187909,0.175356,0.199126,0.192309,0.202186,0.208096,0.181428,0.202552,0.190402,0,0,0,0,,
1182.53,0.226391,0.222829,0.219351,0.23196,0.192172,0.201242,0.187178,0.188414,0.17568,0.196706,0.190602,0.18945,0.205839,0.19606,0.191549,0.20462,0.185004,0.196535,0.18819,0.175571,0.196878,0.189182,0.199964,0.205829,0.177333,0.198139,0.191784,0,0,0,0,,
1184.53,0.225984,0.225705,0.218524,0.231914,0.192016,0.201332,0.187988,0.187217,0.17459,0.195641,0.189874,0.186542,0.205146,0.192777,0.190941,0.202731,0.183543,0.19444,0.186012,0.173726,0.197268,0.188446,0.197785,0.202982,0.177983,0.198883,0.189039,0,0,0,0,,
1186.53,0.227948,0.223026,0.216447,0.230715,0.192535,0.20053,0.187465,0.187728,0.174377,0.195678,0.190106,0.185589,0.203933,0.18865,0.1912,0.201268,0.179955,0.194294,0.184533,0.174532,0.195246,0.191283,0.196456,0.199835,0.17862,0.197104,0.186123,0,0,0,0,,
1188.53,0.225956,0.22485,0.217539,0.230453,0.191642,0.200666,0.185954,0.187039,0.175156,0.195877,0.189808,0.183571,0.203306,0.186226,0.190552,0.199506,0.178176,0.191667,0.184878,0.173524,0.191226,0.227936,0.197823,0.197781,0.178429,0.195947,0.185588,0,0,0,0,,
1190.53,0.226731,0.223678,0.217474,0.230295,0.192134,0.20133,0.187271,0.188102,0.173285,0.195054,0.19041,0.181892,0.201408,0.185827,0.188876,0.198951,0.176773,0.193273,0.184139,0.174881,0.192964,0.234762,0.196337,0.196797,0.178831,0.19959,0.1849,0,0,0,0,,
1192.53,0.225151,0.22401,0.218381,0.231269,0.19236,0.202493,0.187097,0.188265,0.174392,0.194857,0.190036,0.181517,0.201065,0.184408,0.189635,0.197785,0.176193,0.192855,0.184133,0.175814,0.191434,0.229546,0.197,0.195584,0.179182,0.199654,0.186661,0,0,0,0,,
1194.53,0.224868,0.22492,0.220513,0.234037,0.192425,0.203465,0.188748,0.188948,0.175788,0.196404,0.189244,0.179671,0.200866,0.184502,0.191907,0.197332,0.177602,0.192833,0.184016,0.174956,0.190012,0.220929,0.195037,0.195337,0.180567,0.202808,0.186537,0,0,0,0,,
1196.53,0.224092,0.221922,0.217871,0.231739,0.191167,0.200545,0.186902,0.186727,0.174426,0.193157,0.188404,0.177415,0.197836,0.182215,0.189298,0.194961,0.176246,0.191809,0.183717,0.173434,0.188021,0.211299,0.195417,0.19229,0.179705,0.199974,0.185423,0,0,0,0,,
1198.53,0.223932,0.222749,0.219042,0.231639,0.190763,0.200493,0.187351,0.188522,0.173061,0.194707,0.188981,0.179958,0.199222,0.181917,0.190181,0.195984,0.175767,0.191764,0.182237,0.172335,0.188495,0.20499,0.195153,0.193127,0.18137,0.200483,0.188205,0,0,0,0,,
1200.53,0.223611,0.2225,0.218392,0.231961,0.191909,0.201916,0.186869,0.187797,0.174931,0.195517,0.18986,0.17803,0.197163,0.181443,0.191947,0.195177,0.175942,0.191366,0.184131,0.173317,0.186825,0.198677,0.194648,0.19267,0.182592,0.201016,0.188004,0,0,0,0,,
1202.53,0.223609,0.22208,0.217063,0.232786,0.190555,0.200906,0.187639,0.186566,0.173518,0.194488,0.189225,0.175975,0.196441,0.179915,0.189637,0.192767,0.173745,0.190923,0.182952,0.172999,0.186402,0.194287,0.192869,0.190645,0.181676,0.198706,0.190069,0,0,0,0,,
1204.53,0.226059,0.223195,0.218342,0.231955,0.191683,0.201245,0.187222,0.187163,0.175173,0.195081,0.190085,0.176946,0.196913,0.17943,0.190226,0.194499,0.173926,0.192876,0.181863,0.174641,0.187414,0.192542,0.194281,0.191725,0.182362,0.201404,0.191835,0,0,0,0,,
1206.53,0.225002,0.222411,0.220614,0.233721,0.190604,0.200789,0.187383,0.1867,0.173879,0.194234,0.189371,0.176392,0.195288,0.17988,0.189152,0.192745,0.171292,0.191745,0.182576,0.171429,0.185654,0.189689,0.192825,0.190641,0.18164,0.20037,0.194626,0,0,0,0,,
1208.53,0.222846,0.222938,0.219784,0.231871,0.190968,0.203378,0.187786,0.187829,0.174483,0.195708,0.189221,0.176327,0.196482,0.179273,0.190333,0.191845,0.172506,0.192859,0.18242,0.172345,0.185746,0.187503,0.193415,0.190294,0.183669,0.202677,0.19563,0,0,0,0,,
1210.53,0.224248,0.226829,0.218617,0.232457,0.191156,0.200219,0.185506,0.187447,0.174204,0.195017,0.189617,0.176163,0.195314,0.179532,0.190689,0.194265,0.172846,0.191,0.183875,0.173231,0.185101,0.185909,0.193766,0.190494,0.184716,0.203119,0.19759,0,0,0,0,,
1212.53,0.223947,0.22371,0.220069,0.233395,0.191157,0.202025,0.18593,0.188749,0.175236,0.194425,0.189642,0.177154,0.194833,0.179929,0.190349,0.192108,0.173688,0.192197,0.182631,0.171582,0.185644,0.183929,0.193168,0.19105,0.184125,0.200054,0.199275,0,0,0,0,,
1214.53,0.224931,0.222216,0.219384,0.231892,0.19288,0.200877,0.187411,0.189485,0.173542,0.196485,0.189656,0.175479,0.196169,0.180927,0.189733,0.192683,0.171666,0.192239,0.18167,0.17255,0.184834,0.183933,0.192241,0.189975,0.183115,0.200593,0.198845,0,0,0,0,,
1216.53,0.225529,0.222677,0.220115,0.234089,0.19191,0.202567,0.188051,0.186856,0.174344,0.195478,0.188643,0.176346,0.196165,0.179669,0.189032,0.193594,0.172468,0.192152,0.183148,0.172326,0.184562,0.183088,0.192179,0.190869,0.183146,0.200636,0.19912,0,0,0,0,,
1218.53,0.222677,0.22076,0.219194,0.231087,0.190272,0.202957,0.188067,0.187679,0.174475,0.195079,0.188795,0.176713,0.19349,0.17918,0.190434,0.193526,0.172612,0.192524,0.181656,0.172525,0.184156,0.182722,0.192702,0.188979,0.183815,0.199438,0.201313,0,0,0,0,,
1220.53,0.224293,0.222935,0.219296,0.232494,0.190581,0.202978,0.1887,0.188819,0.174031,0.197511,0.190435,0.175658,0.197004,0.181199,0.190911,0.194306,0.172538,0.193235,0.182547,0.173967,0.186541,0.182624,0.193486,0.19059,0.185077,0.200366,0.198657,0,0,0,0,,
1222.53,0.22536,0.22391,0.21984,0.233872,0.192349,0.202072,0.185985,0.188997,0.173793,0.193215,0.189393,0.176804,0.194482,0.178811,0.191151,0.191837,0.171921,0.191722,0.181851,0.171655,0.183691,0.182363,0.192904,0.189779,0.183738,0.201052,0.199675,0,0,0,0,,
1224.53,0.223541,0.222214,0.2184,0.233699,0.190342,0.200228,0.18816,0.187232,0.174304,0.194656,0.188995,0.176195,0.195531,0.176444,0.190201,0.192277,0.171,0.190424,0.180634,0.171271,0.184567,0.181354,0.193827,0.188069,0.183902,0.198834,0.196456,0,0,0,0,,
1226.53,0.223771,0.224515,0.219003,0.232312,0.190021,0.200973,0.186695,0.188602,0.174485,0.193575,0.188724,0.175185,0.192334,0.177148,0.188989,0.192056,0.171352,0.191182,0.18133,0.171361,0.183774,0.179638,0.191792,0.189303,0.184435,0.20042,0.196264,0,0,0,0,,
1228.53,0.224442,0.222405,0.217221,0.232606,0.189304,0.20064,0.187419,0.186573,0.174079,0.194726,0.187642,0.175004,0.194685,0.176988,0.188897,0.190879,0.169942,0.190708,0.18127,0.169508,0.184187,0.179733,0.191932,0.188227,0.184193,0.198707,0.196131,0,0,0,0,,
1230.53,0.225454,0.224214,0.220835,0.233816,0.191945,0.201988,0.18761,0.188498,0.173675,0.195097,0.189779,0.176134,0.193547,0.179991,0.190291,0.192311,0.172405,0.191542,0.183154,0.172221,0.18583,0.181003,0.193775,0.189785,0.185821,0.198862,0.196628,0,0,0,0,,
1232.53,0.224195,0.223047,0.218249,0.232403,0.189986,0.20135,0.187313,0.188149,0.17459,0.194153,0.187491,0.175118,0.193101,0.177546,0.190065,0.193155,0.169722,0.191141,0.182624,0.171306,0.185905,0.180409,0.191445,0.188933,0.184761,0.199206,0.194986,0,0,0,0,,
1234.53,0.224561,0.222915,0.219736,0.232787,0.192161,0.202871,0.187981,0.189139,0.173859,0.195603,0.188306,0.175229,0.193222,0.179104,0.191101,0.192072,0.171215,0.191853,0.182792,0.17234,0.184753,0.180243,0.193602,0.18949,0.184789,0.199661,0.195058,0,0,0,0,,
1236.53,0.22506,0.22263,0.218895,0.232515,0.190547,0.200935,0.188471,0.18858,0.173068,0.196337,0.188527,0.176334,0.193685,0.178256,0.191878,0.193693,0.1712,0.191602,0.182676,0.171284,0.186037,0.181003,0.192681,0.189225,0.186356,0.200867,0.192326,0,0,0,0,,
1238.53,0.224453,0.225583,0.221267,0.23346,0.19048,0.20304,0.18705,0.189108,0.171982,0.196427,0.188592,0.175662,0.194861,0.179564,0.191071,0.193219,0.170646,0.191584,0.180108,0.171425,0.184433,0.180404,0.192879,0.188689,0.185944,0.200509,0.192791,0,0,0,0,,
1240.53,0.224818,0.223174,0.220888,0.233181,0.191445,0.20236,0.187371,0.188767,0.173244,0.193879,0.190206,0.176524,0.194179,0.179307,0.193378,0.19342,0.172961,0.192919,0.182462,0.171374,0.184713,0.181133,0.19286,0.188867,0.186802,0.200315,0.189137,0,0,0,0,,
1242.53,0.225415,0.225256,0.220798,0.232016,0.192056,0.202158,0.188591,0.18844,0.172578,0.196536,0.190076,0.176421,0.194582,0.179403,0.193585,0.194119,0.173159,0.191338,0.184841,0.17225,0.185092,0.180761,0.193136,0.18952,0.186623,0.202353,0.190951,0,0,0,0,,
1244.53,0.225288,0.22525,0.220802,0.233756,0.193353,0.204178,0.187887,0.18843,0.173231,0.194691,0.189164,0.176631,0.194729,0.180015,0.193939,0.193361,0.17132,0.193066,0.181045,0.172118,0.187605,0.180613,0.193181,0.189798,0.186305,0.202082,0.189703,0,0,0,0,,
1246.53,0.22365,0.223638,0.21904,0.232424,0.192493,0.201584,0.187885,0.187551,0.172732,0.19482,0.187662,0.174393,0.195248,0.178287,0.193797,0.192343,0.172427,0.191017,0.180568,0.170634,0.185855,0.179259,0.19231,0.188874,0.186472,0.199029,0.188826,0,0,0,0,,
1248.53,0.224829,0.224475,0.220093,0.230146,0.193076,0.201407,0.187907,0.18834,0.173437,0.195701,0.189305,0.176365,0.19556,0.177024,0.19432,0.195301,0.17143,0.192676,0.183183,0.171627,0.184939,0.18025,0.193156,0.191339,0.185793,0.200004,0.190017,0,0,0,0,,
1250.53,0.223823,0.225046,0.220301,0.231801,0.191035,0.203106,0.186211,0.187862,0.171549,0.196251,0.188285,0.176053,0.193937,0.178563,0.192815,0.193334,0.171663,0.19233,0.183408,0.17085,0.184943,0.180222,0.193843,0.189857,0.185724,0.198849,0.189607,0,0,0,0,,
1252.53,0.223486,0.22724,0.220162,0.233535,0.192343,0.202543,0.18883,0.189111,0.173498,0.195123,0.189437,0.17553,0.194157,0.177488,0.194728,0.194984,0.172068,0.194329,0.182363,0.172918,0.185113,0.18078,0.195107,0.19058,0.187072,0.198119,0.189737,0,0,0,0,,
1254.53,0.223114,0.226832,0.218814,0.231944,0.190689,0.201344,0.187528,0.187751,0.172689,0.195702,0.190358,0.175453,0.192424,0.178209,0.19415,0.194307,0.173502,0.193104,0.182492,0.171991,0.184182,0.182082,0.193583,0.190929,0.186139,0.197945,0.189761,0,0,0,0,,
1256.53,0.222939,0.227084,0.219916,0.230383,0.191728,0.201811,0.186914,0.1873,0.169951,0.19448,0.189168,0.176149,0.193581,0.179381,0.193639,0.195323,0.171161,0.193651,0.182882,0.173043,0.184756,0.181112,0.194062,0.189511,0.186557,0.197448,0.189329,0,0,0,0,,
1258.53,0.224197,0.225476,0.218901,0.232594,0.193419,0.203942,0.187316,0.187174,0.172384,0.195486,0.188563,0.175323,0.194201,0.17812,0.193999,0.196297,0.171392,0.192187,0.181865,0.17029,0.185231,0.179895,0.194348,0.190037,0.18828,0.195303,0.190132,0,0,0,0,,
1260.53,0.223485,0.224507,0.217413,0.229807,0.191288,0.200636,0.186137,0.187618,0.170407,0.195273,0.189693,0.174218,0.193189,0.178999,0.193959,0.193995,0.170721,0.192276,0.181419,0.170651,0.184671,0.180016,0.193591,0.190285,0.18666,0.194227,0.188991,0,0,0,0,,
1262.53,0.223919,0.224775,0.219565,0.230562,0.191717,0.203169,0.186336,0.186824,0.171668,0.193961,0.188704,0.176617,0.194785,0.177548,0.193499,0.194892,0.171299,0.195514,0.181328,0.169956,0.185426,0.18006,0.192954,0.189656,0.188762,0.195491,0.189441,0,0,0,0,,
1264.53,0.224652,0.225821,0.220466,0.232515,0.191705,0.2015,0.186465,0.187735,0.172206,0.194851,0.189261,0.17671,0.193098,0.177181,0.192471,0.194677,0.171022,0.191434,0.181831,0.1711,0.185984,0.179899,0.194591,0.19004,0.188888,0.195297,0.191018,0,0,0,0,,
1266.53,0.224303,0.225106,0.220913,0.232109,0.19274,0.201683,0.187206,0.186844,0.171861,0.194609,0.187705,0.175794,0.193788,0.177235,0.19377,0.195668,0.171784,0.191693,0.181072,0.170965,0.185703,0.180487,0.195287,0.190718,0.189899,0.195998,0.192232,0,0,0,0,,
1268.53,0.223522,0.225961,0.221494,0.232128,0.192327,0.201126,0.18779,0.18762,0.171283,0.196338,0.188736,0.174715,0.194385,0.177992,0.195296,0.196438,0.172086,0.192986,0.181732,0.173337,0.185245,0.179569,0.195828,0.191232,0.191442,0.196276,0.193495,0,0,0,0,,
1270.53,0.224654,0.224522,0.218765,0.231404,0.190974,0.202581,0.186839,0.188408,0.169531,0.19375,0.188319,0.174615,0.193155,0.1789,0.193139,0.196033,0.173349,0.192146,0.183032,0.170708,0.183812,0.180474,0.194981,0.190105,0.192714,0.197299,0.194587,0,0,0,0,,
1272.53,0.224541,0.22467,0.218129,0.231427,0.191218,0.202888,0.185966,0.187317,0.170857,0.195732,0.18918,0.174829,0.191695,0.177543,0.193428,0.196016,0.172924,0.192042,0.180449,0.171733,0.185693,0.179625,0.194991,0.190513,0.19362,0.198468,0.194033,0,0,0,0,,
1274.53,0.223969,0.226647,0.216086,0.23298,0.191246,0.203442,0.188816,0.188147,0.171609,0.194473,0.188547,0.1738,0.19421,0.17959,0.194387,0.196224,0.176661,0.194607,0.182168,0.171882,0.185669,0.18139,0.195969,0.191204,0.195128,0.201975,0.197633,0,0,0,0,,
1283.69,0.242657,0.240424,0.235201,0.253021,0.201279,0.213677,0.195417,0.198207,0.176968,0.20667,0.197829,0.186803,0.204211,0.190607,0.205398,0.240619,0.1929,0.21487,0.195397,0.180444,0.197927,0.192854,0.236528,0.231603,0.224601,0.21901,0.217403,1,0,0,0,1275.32," ""LED 5 s"""
1285.69,0.235356,0.237057,0.230912,0.245133,0.195312,0.206143,0.192956,0.193853,0.171645,0.200497,0.193679,0.183925,0.201271,0.188633,0.198781,0.236504,0.204739,0.219404,0.190193,0.17754,0.196247,0.188435,0.241728,0.242675,0.222217,0.213205,0.210649,0,0,0,0,,
1287.69,0.235987,0.235017,0.22726,0.243125,0.19566,0.204943,0.190503,0.191442,0.171339,0.199414,0.192228,0.183188,0.202127,0.186169,0.197559,0.230882,0.212182,0.218139,0.19248,0.176185,0.195098,0.187257,0.235245,0.235485,0.216254,0.21143,0.206027,0,0,0,0,,
1289.69,0.231159,0.231827,0.226159,0.240492,0.195398,0.205603,0.189672,0.190464,0.170852,0.197365,0.192419,0.182098,0.20392,0.185506,0.197234,0.222156,0.209795,0.213685,0.192593,0.176597,0.193692,0.187561,0.226172,0.22605,0.213896,0.208408,0.200773,0,0,0,0,,
1291.69,0.229443,0.229749,0.224925,0.237634,0.195218,0.204518,0.191614,0.192239,0.172701,0.198636,0.191693,0.182177,0.203294,0.186732,0.197418,0.215718,0.210197,0.207822,0.192828,0.175247,0.194477,0.188208,0.220182,0.219271,0.206875,0.208298,0.197835,0,0,0,0,,
1293.69,0.228023,0.231649,0.222569,0.234343,0.195321,0.203743,0.189675,0.190274,0.171066,0.19909,0.190454,0.182135,0.203876,0.185182,0.197826,0.210666,0.203967,0.204832,0.195074,0.177019,0.195462,0.187025,0.214703,0.213053,0.202483,0.203738,0.195396,0,0,0,0,,
1295.69,0.228983,0.230568,0.222047,0.235206,0.193885,0.204149,0.188278,0.19018,0.171238,0.198749,0.191395,0.182285,0.203348,0.186059,0.196944,0.205175,0.200182,0.202124,0.193451,0.175102,0.192938,0.187268,0.209156,0.208401,0.199273,0.203343,0.192897,0,0,0,0,,
1297.69,0.227729,0.229833,0.220101,0.234426,0.194742,0.203865,0.189694,0.190173,0.171403,0.197459,0.190079,0.180282,0.202547,0.183233,0.196925,0.203002,0.196148,0.199844,0.195153,0.175179,0.193514,0.185074,0.206934,0.205279,0.194572,0.199054,0.189274,0,0,0,0,,
1299.69,0.2279,0.229452,0.221259,0.234359,0.194994,0.202903,0.188694,0.192718,0.170095,0.199542,0.19196,0.17992,0.202785,0.183848,0.19704,0.201425,0.193834,0.199977,0.194819,0.176533,0.193414,0.187148,0.205405,0.202858,0.194738,0.198693,0.191437,0,0,0,0,,
1301.69,0.224368,0.228852,0.222002,0.233998,0.195445,0.204154,0.190443,0.192114,0.171772,0.197281,0.19149,0.180782,0.19948,0.183498,0.197087,0.199232,0.189788,0.19815,0.195127,0.175162,0.192324,0.186057,0.202094,0.200051,0.191752,0.196783,0.189694,0,0,0,0,,
1303.69,0.225018,0.226932,0.221073,0.23411,0.194367,0.204381,0.187593,0.190501,0.16848,0.199158,0.191054,0.17885,0.200015,0.182323,0.197541,0.197208,0.18746,0.195423,0.192661,0.175757,0.190346,0.185106,0.200029,0.196456,0.187944,0.197469,0.188065,0,0,0,0,,
1305.69,0.22387,0.227542,0.218224,0.233431,0.19378,0.205072,0.188643,0.190625,0.16931,0.196295,0.189408,0.18053,0.199486,0.181932,0.196197,0.196459,0.18578,0.196027,0.192494,0.175006,0.190608,0.183808,0.197471,0.195322,0.188203,0.195672,0.187273,0,0,0,0,,
1307.69,0.224849,0.227254,0.220014,0.232107,0.194388,0.204087,0.189166,0.190472,0.169273,0.197803,0.191488,0.179377,0.198239,0.180551,0.197678,0.195888,0.183466,0.195715,0.191626,0.17483,0.19062,0.185365,0.197827,0.195087,0.188552,0.194091,0.187418,0,0,0,0,,
1309.69,0.223729,0.227118,0.220038,0.232546,0.192857,0.203679,0.188273,0.190742,0.169411,0.196917,0.190008,0.177246,0.1977,0.179569,0.196238,0.195721,0.180044,0.193812,0.191003,0.175194,0.191611,0.184577,0.196831,0.19335,0.186505,0.191607,0.186286,0,0,0,0,,
1311.69,0.223083,0.227992,0.222339,0.233185,0.194265,0.204571,0.189826,0.191556,0.172129,0.197599,0.190254,0.178726,0.199363,0.182555,0.19702,0.195751,0.179357,0.194812,0.191741,0.175057,0.190332,0.186174,0.19747,0.193997,0.18662,0.191815,0.188068,0,0,0,0,,
1313.69,0.22383,0.22593,0.21917,0.233813,0.194182,0.206283,0.189229,0.192096,0.169757,0.197074,0.191462,0.178203,0.197689,0.182069,0.197535,0.194287,0.178629,0.195341,0.189345,0.176456,0.19072,0.184288,0.196129,0.193081,0.186115,0.192474,0.185388,0,0,0,0,,
1315.69,0.224562,0.224915,0.21743,0.231619,0.193718,0.201983,0.188284,0.189667,0.170143,0.197701,0.189997,0.178073,0.198446,0.181229,0.195474,0.193864,0.175836,0.19356,0.186795,0.174435,0.188891,0.183338,0.194775,0.190704,0.184991,0.192495,0.186277,0,0,0,0,,
1317.69,0.225021,0.225316,0.217622,0.23143,0.193252,0.206703,0.189167,0.191244,0.169784,0.196764,0.190786,0.179304,0.195486,0.1808,0.196369,0.194159,0.176119,0.194506,0.186613,0.174042,0.188658,0.184241,0.195324,0.191151,0.18628,0.191397,0.186179,0,0,0,0,,
1319.69,0.22446,0.225893,0.217898,0.232344,0.194687,0.204501,0.188728,0.191641,0.170641,0.196457,0.190121,0.1798,0.196971,0.180724,0.195809,0.193445,0.174923,0.192067,0.185467,0.174039,0.190106,0.184914,0.194067,0.190045,0.186943,0.19372,0.18676,0,0,0,0,,
1321.69,0.225389,0.224852,0.219742,0.232931,0.194566,0.204665,0.189753,0.192404,0.170358,0.198721,0.190661,0.179537,0.197152,0.1795,0.1973,0.193894,0.174947,0.195125,0.185419,0.175367,0.189224,0.184697,0.196019,0.191653,0.185209,0.195119,0.187971,0,0,0,0,,
1323.69,0.224711,0.22401,0.218731,0.231291,0.193824,0.203623,0.185749,0.189422,0.166412,0.194996,0.188892,0.177295,0.193457,0.177706,0.195195,0.191039,0.17275,0.19351,0.184356,0.170769,0.186491,0.182633,0.193332,0.188996,0.183514,0.192204,0.186797,0,0,0,0,,
1325.69,0.226596,0.22388,0.220447,0.230419,0.194154,0.204043,0.188406,0.190364,0.168783,0.19728,0.189614,0.179466,0.194648,0.178703,0.195747,0.192698,0.174894,0.192889,0.18539,0.174501,0.188271,0.184234,0.194563,0.190334,0.18368,0.194052,0.188923,0,0,0,0,,
1327.69,0.222605,0.225272,0.216554,0.229629,0.19337,0.204581,0.189305,0.190283,0.169626,0.197271,0.189958,0.178657,0.194581,0.18053,0.195654,0.193594,0.173024,0.192938,0.184708,0.17249,0.188639,0.186203,0.194871,0.189971,0.185895,0.193212,0.189893,0,0,0,0,,
1329.69,0.224369,0.225647,0.218718,0.230719,0.192775,0.204252,0.186888,0.18858,0.167802,0.195872,0.188937,0.17865,0.193897,0.178388,0.19578,0.19123,0.171881,0.19256,0.183655,0.173393,0.188997,0.184452,0.19304,0.188672,0.184225,0.195568,0.192779,0,0,0,0,,
1331.69,0.223225,0.224316,0.219573,0.230286,0.193792,0.205188,0.187909,0.190567,0.169178,0.196712,0.191552,0.178618,0.194486,0.180579,0.196524,0.193772,0.171925,0.194818,0.182659,0.171873,0.188121,0.185313,0.193485,0.19035,0.185295,0.197794,0.197544,0,0,0,0,,
1333.69,0.223443,0.225087,0.218726,0.231736,0.192749,0.205502,0.189093,0.191131,0.168803,0.195437,0.190363,0.177133,0.194418,0.177841,0.197074,0.19257,0.172461,0.193711,0.181556,0.172483,0.188378,0.184803,0.193247,0.190053,0.18415,0.199222,0.202083,0,0,0,0,,
1335.69,0.224496,0.224786,0.220801,0.23076,0.192465,0.203788,0.188606,0.189768,0.16911,0.196747,0.190765,0.177261,0.193701,0.179247,0.19665,0.193427,0.172587,0.19344,0.183931,0.172795,0.187634,0.184712,0.193529,0.189326,0.183938,0.202032,0.203751,0,0,0,0,,
1337.69,0.224344,0.225029,0.219168,0.23079,0.193793,0.205771,0.187254,0.189753,0.170637,0.196642,0.189622,0.177743,0.194436,0.179371,0.197466,0.193081,0.170911,0.193616,0.183923,0.172662,0.187798,0.185797,0.193523,0.190308,0.182846,0.20301,0.205113,0,0,0,0,,
1339.69,0.224579,0.225515,0.219363,0.230063,0.193042,0.20356,0.188317,0.191622,0.171188,0.195797,0.190024,0.176883,0.194112,0.177966,0.19723,0.19267,0.171188,0.192328,0.182416,0.170521,0.186051,0.184979,0.195592,0.189108,0.182489,0.201718,0.202946,0,0,0,0,,
1341.69,0.22506,0.225842,0.220062,0.230524,0.194209,0.203448,0.189991,0.190241,0.172208,0.197186,0.190638,0.177376,0.195347,0.180638,0.19794,0.194478,0.172295,0.193075,0.18371,0.172876,0.188726,0.185189,0.193984,0.190208,0.184788,0.205483,0.199961,0,0,0,0,,
1343.69,0.224825,0.226231,0.221938,0.231727,0.194164,0.205751,0.187968,0.1926,0.170107,0.197336,0.192224,0.179653,0.194047,0.180418,0.197195,0.193743,0.173209,0.194214,0.183504,0.175529,0.18771,0.18469,0.195442,0.190736,0.185082,0.205419,0.197457,0,0,0,0,,
1345.69,0.224524,0.225824,0.220115,0.230324,0.193034,0.203402,0.189577,0.19082,0.171781,0.197476,0.187984,0.177121,0.193299,0.178871,0.194908,0.191521,0.172771,0.194063,0.183553,0.172587,0.187115,0.186274,0.194898,0.189236,0.183437,0.202017,0.197099,0,0,0,0,,
1347.69,0.222911,0.224208,0.219252,0.230884,0.192956,0.203152,0.187704,0.190309,0.172789,0.196349,0.189322,0.17689,0.193832,0.179104,0.196574,0.193258,0.170686,0.194256,0.183472,0.174652,0.187562,0.186327,0.195264,0.189757,0.184348,0.203437,0.194056,0,0,0,0,,
1349.69,0.227018,0.225627,0.220467,0.233835,0.192689,0.205786,0.188567,0.192787,0.172495,0.197296,0.191012,0.177707,0.194637,0.180019,0.19763,0.194381,0.171895,0.195314,0.182941,0.174089,0.189604,0.187562,0.196521,0.190735,0.184993,0.203793,0.194551,0,0,0,0,,
1351.69,0.226831,0.224906,0.222129,0.234849,0.193156,0.204585,0.189867,0.191711,0.172818,0.196723,0.18981,0.177466,0.194403,0.18039,0.196939,0.193816,0.171367,0.195555,0.185167,0.173597,0.188158,0.186516,0.195718,0.190515,0.184777,0.202854,0.19245,0,0,0,0,,
1353.69,0.225124,0.22611,0.221743,0.234481,0.192934,0.204092,0.18915,0.191931,0.17387,0.197715,0.190625,0.176603,0.193904,0.179075,0.197115,0.193269,0.171701,0.193833,0.182605,0.173067,0.187203,0.186973,0.195169,0.190713,0.184772,0.202005,0.193968,0,0,0,0,,
1355.69,0.225079,0.226461,0.219677,0.231626,0.193637,0.204728,0.188736,0.190096,0.174323,0.196307,0.190347,0.178667,0.193143,0.178,0.196203,0.194345,0.171541,0.194961,0.183655,0.171265,0.186352,0.188319,0.194729,0.189884,0.184936,0.201904,0.190338,0,0,0,0,,
1357.69,0.225923,0.226116,0.22143,0.232517,0.193987,0.205205,0.190161,0.190791,0.177022,0.197082,0.19104,0.179183,0.19463,0.177894,0.197524,0.195155,0.172549,0.195319,0.185221,0.174752,0.188397,0.190826,0.196179,0.190083,0.185296,0.202108,0.190632,0,0,0,0,,
1359.69,0.223843,0.223017,0.222183,0.233403,0.193184,0.206003,0.188541,0.19165,0.176387,0.196798,0.190272,0.179408,0.19428,0.178442,0.19719,0.193212,0.172585,0.195667,0.182441,0.175178,0.188296,0.189877,0.194888,0.191245,0.185664,0.200204,0.1881,0,0,0,0,,
1361.69,0.227271,0.224551,0.220537,0.234923,0.192256,0.2056,0.190323,0.191557,0.175688,0.198002,0.191069,0.178732,0.194782,0.179302,0.198606,0.193595,0.171805,0.196134,0.182884,0.17384,0.188166,0.190108,0.197099,0.191803,0.18697,0.197585,0.187201,0,0,0,0,,
1363.69,0.224669,0.225345,0.221712,0.232699,0.193811,0.205534,0.189158,0.192707,0.174957,0.197521,0.190415,0.178624,0.196362,0.179515,0.197821,0.194235,0.173078,0.19556,0.184584,0.174822,0.187648,0.189876,0.195525,0.191331,0.185376,0.198458,0.188625,0,0,0,0,,
1365.69,0.222937,0.222533,0.221393,0.231471,0.191796,0.204277,0.18785,0.190467,0.173062,0.195646,0.18895,0.178389,0.193736,0.179201,0.196257,0.193308,0.171261,0.195201,0.182778,0.173651,0.185349,0.190104,0.194456,0.190744,0.182177,0.198024,0.185333,0,0,0,0,,
1367.69,0.225484,0.225747,0.221317,0.232012,0.193309,0.205981,0.190572,0.192621,0.17345,0.198079,0.189118,0.179697,0.194077,0.180288,0.198661,0.193821,0.171521,0.195767,0.183779,0.174045,0.186602,0.19175,0.195343,0.190905,0.185864,0.197457,0.185846,0,0,0,0,,
1369.69,0.22596,0.223625,0.218386,0.230702,0.191183,0.203227,0.188185,0.191496,0.17559,0.196191,0.187585,0.178961,0.193393,0.179829,0.197002,0.193171,0.170966,0.194662,0.18344,0.173067,0.185376,0.188696,0.195192,0.190994,0.183777,0.196633,0.186365,0,0,0,0,,
1371.69,0.225669,0.225685,0.219025,0.230664,0.193174,0.204424,0.187674,0.191293,0.176602,0.196748,0.188923,0.17746,0.194516,0.179378,0.19624,0.194011,0.172149,0.195008,0.183868,0.172712,0.188007,0.189661,0.19595,0.190364,0.183153,0.195773,0.184393,0,0,0,0,,
1373.69,0.223625,0.220878,0.218868,0.228564,0.192253,0.203915,0.188189,0.190535,0.174804,0.195728,0.189054,0.176514,0.195184,0.177617,0.196084,0.192535,0.172374,0.195483,0.181538,0.172076,0.186832,0.18754,0.194944,0.189829,0.183311,0.196913,0.184289,0,0,0,0,,
1375.69,0.223675,0.221297,0.218403,0.230079,0.19301,0.204182,0.18964,0.190842,0.174444,0.196912,0.188719,0.178848,0.192724,0.178427,0.196172,0.192209,0.170693,0.193383,0.182226,0.171539,0.187312,0.189131,0.195332,0.188945,0.184462,0.195296,0.184047,0,0,0,0,,
1377.69,0.222992,0.220376,0.220814,0.23228,0.192422,0.205418,0.187651,0.191014,0.175479,0.19755,0.189914,0.177897,0.192938,0.179467,0.19657,0.193846,0.172278,0.195538,0.182969,0.174089,0.186538,0.190649,0.195139,0.190727,0.184308,0.195249,0.188523,0,0,0,0,,
1379.69,0.224096,0.222728,0.219748,0.23187,0.193927,0.204198,0.187354,0.190844,0.177261,0.196451,0.190114,0.177829,0.19473,0.179707,0.196721,0.194259,0.172363,0.194902,0.183435,0.172637,0.186472,0.188923,0.194811,0.189878,0.184622,0.196187,0.189264,0,0,0,0,,
1381.69,0.22555,0.220281,0.220133,0.230271,0.193711,0.205607,0.186925,0.192788,0.175781,0.196813,0.189962,0.178667,0.193507,0.179673,0.198538,0.193913,0.173249,0.195895,0.182548,0.173893,0.187432,0.189663,0.196453,0.19104,0.184299,0.195484,0.190796,0,0,0,0,,
1383.69,0.226333,0.224643,0.218854,0.233355,0.193549,0.20609,0.188875,0.194048,0.177163,0.197337,0.190533,0.180357,0.194868,0.179902,0.199073,0.19496,0.173379,0.196199,0.184254,0.174041,0.188887,0.190811,0.196421,0.19141,0.185662,0.193932,0.19253,0,0,0,0,,
1385.69,0.222834,0.223252,0.218955,0.229791,0.193901,0.205104,0.186986,0.192415,0.178443,0.197132,0.189869,0.178084,0.194078,0.180046,0.198292,0.195592,0.172103,0.194422,0.184512,0.172621,0.189507,0.191609,0.196868,0.191049,0.184315,0.194998,0.194761,0,0,0,0,,
1387.69,0.223358,0.225514,0.219605,0.231015,0.194573,0.205027,0.190673,0.191814,0.17795,0.197416,0.190521,0.178687,0.196001,0.180165,0.19813,0.196708,0.173222,0.194652,0.183612,0.17353,0.18672,0.197919,0.19689,0.19169,0.184508,0.193565,0.195943,0,0,0,0,,
1389.69,0.224504,0.223937,0.217547,0.231288,0.193704,0.20599,0.188972,0.189912,0.176792,0.19654,0.189731,0.176862,0.195157,0.178482,0.197321,0.196937,0.171897,0.196363,0.183765,0.171667,0.187393,0.204549,0.197253,0.191044,0.184461,0.195613,0.198,0,0,0,0,,
1391.69,0.224177,0.220367,0.216304,0.230644,0.192597,0.203766,0.189584,0.190402,0.176142,0.19587,0.189468,0.177235,0.192841,0.177385,0.19692,0.197233,0.172319,0.195528,0.181934,0.172359,0.187672,0.207487,0.196569,0.1904,0.185176,0.195392,0.198119,0,0,0,0,,
1394.04,0.223458,0.226054,0.218221,0.22997,0.193516,0.203126,0.189803,0.191483,0.177847,0.196747,0.191008,0.17825,0.195575,0.179145,0.197322,0.201333,0.172171,0.198366,0.186178,0.172832,0.18683,0.223315,0.197813,0.193879,0.184954,0.196359,0.200514,1,0,0,0,1394.04," ""LED 5 s"""
1402.73,0.2395,0.243142,0.234115,0.253503,0.201708,0.216197,0.198211,0.202511,0.186815,0.209624,0.200003,0.192669,0.208451,0.194398,0.208688,0.24413,0.188994,0.217753,0.196256,0.184528,0.201264,0.240017,0.243169,0.217631,0.196448,0.21969,0.21464,0,0,0,0,,
1404.73,0.233959,0.235558,0.228856,0.249885,0.198948,0.211611,0.194689,0.197579,0.182394,0.20262,0.19589,0.198334,0.208202,0.195572,0.204229,0.238196,0.198446,0.221592,0.196404,0.18077,0.199957,0.232122,0.242859,0.230736,0.19233,0.215479,0.209967,0,0,0,0,,
1406.73,0.233047,0.232845,0.225965,0.244487,0.199087,0.209536,0.1935,0.195926,0.181461,0.202237,0.196216,0.206367,0.213982,0.198016,0.204386,0.231262,0.21031,0.220172,0.195245,0.180306,0.199837,0.226497,0.236696,0.239643,0.192448,0.213115,0.20713,0,0,0,0,,
1408.73,0.231396,0.230502,0.226585,0.237099,0.197317,0.20907,0.192749,0.194142,0.180555,0.202312,0.194012,0.209989,0.216129,0.199913,0.203028,0.224296,0.208805,0.215592,0.19508,0.179695,0.200426,0.219517,0.229037,0.233878,0.189357,0.209922,0.204529,0,0,0,0,,
1410.73,0.229422,0.225712,0.223353,0.236874,0.19872,0.209822,0.191883,0.195371,0.181196,0.203005,0.194543,0.211856,0.221415,0.201796,0.203326,0.217275,0.21099,0.21189,0.194594,0.178235,0.204095,0.21491,0.225199,0.227334,0.191804,0.208336,0.201607,0,0,0,0,,
1412.73,0.227539,0.230394,0.22213,0.23517,0.19765,0.210351,0.192451,0.195896,0.179476,0.200248,0.194396,0.211244,0.220254,0.201786,0.202867,0.21341,0.209411,0.209473,0.194426,0.179232,0.200449,0.209425,0.218034,0.220345,0.190116,0.205406,0.199494,0,0,0,0,,
1414.73,0.228637,0.229328,0.221534,0.235132,0.199041,0.209529,0.192127,0.195559,0.181474,0.201446,0.194161,0.207679,0.222254,0.202115,0.202024,0.209613,0.206639,0.206475,0.197814,0.180178,0.202951,0.204391,0.216388,0.214876,0.190529,0.203895,0.195618,0,0,0,0,,
1416.73,0.226313,0.227686,0.220646,0.231953,0.199252,0.210393,0.192628,0.193546,0.179644,0.200068,0.193521,0.204872,0.219858,0.198907,0.201846,0.20702,0.199939,0.203524,0.195183,0.181273,0.200052,0.200713,0.211798,0.211132,0.190138,0.202902,0.195443,0,0,0,0,,
1418.73,0.225519,0.227431,0.220273,0.234267,0.197812,0.20888,0.192726,0.195496,0.180256,0.200322,0.193084,0.200243,0.215557,0.199225,0.200946,0.203838,0.197905,0.204624,0.194925,0.17806,0.199008,0.198874,0.208301,0.207767,0.188764,0.204394,0.193872,0,0,0,0,,
1420.73,0.224847,0.223238,0.218648,0.232024,0.197922,0.209599,0.190634,0.193566,0.179102,0.200538,0.192419,0.196945,0.212026,0.195554,0.200705,0.202268,0.195159,0.203046,0.193142,0.179052,0.198116,0.196742,0.206481,0.204053,0.188965,0.200813,0.192501,0,0,0,0,,
1422.73,0.224271,0.223646,0.219879,0.229835,0.197677,0.207319,0.191442,0.192938,0.179032,0.200802,0.193239,0.19273,0.208911,0.196784,0.2014,0.201538,0.191701,0.201396,0.194374,0.177701,0.197006,0.195,0.203153,0.201491,0.188965,0.19994,0.191419,0,0,0,0,,
1424.73,0.22779,0.225186,0.21958,0.233304,0.19842,0.207916,0.191822,0.194665,0.177966,0.200173,0.192855,0.191404,0.207408,0.194737,0.200667,0.200368,0.188351,0.200291,0.196077,0.178695,0.19835,0.194502,0.202564,0.20024,0.189773,0.20006,0.191006,0,0,0,0,,
1426.73,0.224248,0.221062,0.218176,0.232579,0.19744,0.207274,0.192104,0.194154,0.178695,0.199673,0.192208,0.187855,0.202214,0.191082,0.200167,0.199074,0.187351,0.197841,0.192957,0.175204,0.195764,0.191174,0.201998,0.19797,0.188013,0.198154,0.188761,0,0,0,0,,
1428.73,0.225317,0.223039,0.218908,0.233273,0.198158,0.206109,0.192476,0.194774,0.17831,0.199902,0.191588,0.185741,0.202066,0.190244,0.200343,0.199115,0.182512,0.198098,0.192743,0.176481,0.19528,0.190025,0.200354,0.197765,0.189195,0.198536,0.188884,0,0,0,0,,
1430.73,0.226492,0.222202,0.218826,0.232403,0.197735,0.209359,0.191343,0.19493,0.179857,0.199389,0.19258,0.184038,0.200362,0.190291,0.198648,0.199226,0.181449,0.198465,0.193384,0.178015,0.194108,0.188921,0.200826,0.196474,0.188834,0.197695,0.188807,0,0,0,0,,
1432.73,0.225202,0.224063,0.219735,0.232809,0.198251,0.209636,0.189987,0.193919,0.179652,0.200313,0.192175,0.184662,0.198219,0.187027,0.20123,0.199222,0.180042,0.19781,0.190463,0.177584,0.192237,0.191641,0.199148,0.196332,0.187884,0.196309,0.189668,0,0,0,0,,
1434.73,0.225047,0.220907,0.220773,0.233689,0.198579,0.207366,0.192364,0.19486,0.178525,0.198755,0.191491,0.181869,0.198938,0.185818,0.200396,0.197967,0.180612,0.196952,0.190876,0.177825,0.192432,0.189989,0.198751,0.195004,0.189499,0.195199,0.189354,0,0,0,0,,
1436.73,0.223523,0.220522,0.217855,0.232185,0.196598,0.208332,0.190276,0.194856,0.178276,0.199526,0.191703,0.181191,0.197756,0.184747,0.199468,0.197419,0.177418,0.19678,0.190331,0.174346,0.19245,0.190311,0.197562,0.193881,0.187576,0.195234,0.189354,0,0,0,0,,
1438.73,0.227569,0.22295,0.221154,0.234637,0.197646,0.210312,0.190346,0.195751,0.18028,0.20063,0.193068,0.184099,0.19641,0.18601,0.200795,0.198817,0.178255,0.198025,0.190608,0.177366,0.192426,0.189546,0.199997,0.195329,0.188412,0.195595,0.19056,0,0,0,0,,
1440.73,0.224872,0.221711,0.219467,0.231559,0.196524,0.208129,0.190762,0.194332,0.180054,0.199216,0.192875,0.180745,0.196633,0.183654,0.198989,0.198494,0.176925,0.19658,0.190458,0.176169,0.190252,0.18888,0.199944,0.194367,0.187268,0.195101,0.191068,0,0,0,0,,
1442.73,0.222802,0.220676,0.218788,0.232198,0.195529,0.206376,0.191156,0.193599,0.178625,0.200246,0.192002,0.180746,0.196073,0.18386,0.198962,0.197114,0.175777,0.196075,0.188777,0.177433,0.189386,0.189338,0.198195,0.19258,0.18598,0.193116,0.190645,0,0,0,0,,
1444.73,0.223663,0.223079,0.221057,0.23215,0.196816,0.209529,0.190973,0.194302,0.180158,0.201504,0.192679,0.180895,0.195396,0.183733,0.199344,0.197309,0.175048,0.195905,0.187428,0.175756,0.191123,0.18998,0.198891,0.194733,0.18905,0.196646,0.190712,0,0,0,0,,
1446.73,0.225063,0.224747,0.218632,0.234188,0.196878,0.207979,0.191481,0.195539,0.182345,0.200953,0.193217,0.180197,0.196991,0.183528,0.200733,0.198064,0.175852,0.1982,0.188296,0.176762,0.190936,0.191282,0.199405,0.193505,0.189321,0.19528,0.194418,0,0,0,0,,
1448.73,0.224881,0.222986,0.219816,0.233928,0.197651,0.210726,0.191631,0.194894,0.180428,0.20018,0.192152,0.179716,0.196058,0.184206,0.199252,0.197983,0.174363,0.197087,0.186019,0.17701,0.190335,0.194041,0.199039,0.193651,0.188006,0.196557,0.194809,0,0,0,0,,
1450.73,0.225379,0.22271,0.219604,0.232852,0.196959,0.207186,0.19254,0.193072,0.181835,0.200789,0.192724,0.178673,0.196134,0.182071,0.199681,0.197614,0.175346,0.19637,0.186645,0.176284,0.190505,0.192318,0.197393,0.192897,0.187707,0.196219,0.197665,0,0,0,0,,
1452.73,0.225797,0.222428,0.21897,0.230788,0.196256,0.208131,0.189863,0.192431,0.180264,0.199156,0.191753,0.178454,0.19582,0.181844,0.199315,0.197079,0.173823,0.196038,0.186632,0.175942,0.189022,0.191324,0.196725,0.193502,0.187824,0.19704,0.198805,0,0,0,0,,
1454.73,0.227557,0.220875,0.218679,0.232329,0.195552,0.206628,0.190331,0.192864,0.180968,0.199153,0.191418,0.178025,0.196576,0.18143,0.199576,0.196634,0.17292,0.196374,0.185444,0.17435,0.188768,0.189388,0.198908,0.191925,0.188123,0.198043,0.199093,0,0,0,0,,
1456.73,0.225498,0.220027,0.220576,0.234645,0.195702,0.208949,0.191641,0.193766,0.180354,0.199391,0.193073,0.180087,0.19668,0.181653,0.200463,0.197955,0.173246,0.197181,0.185344,0.176344,0.190228,0.188627,0.19784,0.192038,0.188631,0.198215,0.199909,0,0,0,0,,
1458.73,0.229366,0.222841,0.222361,0.235329,0.197864,0.209141,0.192556,0.193682,0.179528,0.199984,0.191785,0.179012,0.196023,0.182885,0.198825,0.197627,0.175171,0.197866,0.185922,0.176372,0.188199,0.189076,0.19925,0.193424,0.188542,0.200013,0.203595,0,0,0,0,,
1460.73,0.225434,0.222627,0.220446,0.23385,0.197535,0.208906,0.192432,0.193042,0.180074,0.200198,0.193247,0.179302,0.196163,0.179596,0.199296,0.197759,0.172801,0.197517,0.18526,0.176051,0.187923,0.190618,0.198774,0.192193,0.188053,0.200565,0.201757,0,0,0,0,,
1462.73,0.227467,0.222346,0.219665,0.234361,0.196829,0.207637,0.193429,0.193894,0.17851,0.201115,0.192513,0.178975,0.19512,0.180738,0.199744,0.197208,0.173903,0.196946,0.186475,0.176516,0.189132,0.189261,0.197087,0.192481,0.18802,0.203402,0.20105,0,0,0,0,,
1464.73,0.22625,0.222251,0.222955,0.232073,0.195743,0.207446,0.191949,0.192538,0.17961,0.200679,0.192398,0.17788,0.195411,0.180895,0.199045,0.19686,0.175668,0.197412,0.184978,0.176117,0.188709,0.188414,0.19823,0.192919,0.188108,0.201595,0.200565,0,0,0,0,,
1466.73,0.227521,0.221414,0.221602,0.232936,0.195663,0.207082,0.191213,0.193462,0.180975,0.201108,0.193847,0.178731,0.19647,0.182063,0.19899,0.197827,0.172866,0.197761,0.185684,0.176096,0.188588,0.18939,0.198171,0.192314,0.189893,0.203698,0.199846,0,0,0,0,,
1468.73,0.226928,0.22207,0.22066,0.233149,0.195177,0.208611,0.191174,0.192313,0.179129,0.19913,0.192448,0.178324,0.19632,0.181504,0.199018,0.196661,0.175131,0.197486,0.186136,0.176271,0.189845,0.189148,0.199719,0.193626,0.189341,0.203346,0.200049,0,0,0,0,,
1470.73,0.223846,0.221771,0.221052,0.233011,0.196565,0.209123,0.190814,0.192968,0.180713,0.198239,0.19254,0.179414,0.1959,0.182389,0.200098,0.197171,0.173896,0.196648,0.183696,0.174878,0.188746,0.187748,0.197941,0.192256,0.187744,0.201933,0.196413,0,0,0,0,,
1472.73,0.226838,0.222298,0.221095,0.232993,0.196613,0.205447,0.192548,0.193789,0.181226,0.198912,0.193469,0.178758,0.195382,0.181745,0.199983,0.1971,0.173931,0.199143,0.184573,0.175041,0.189021,0.188648,0.199214,0.193075,0.190002,0.203415,0.195372,0,0,0,0,,
1474.73,0.226578,0.22285,0.22253,0.235121,0.197251,0.207137,0.192781,0.194475,0.180493,0.200958,0.193221,0.179065,0.195441,0.182311,0.199528,0.197266,0.174701,0.19825,0.185416,0.175043,0.191327,0.190832,0.199853,0.193477,0.1904,0.202411,0.195236,0,0,0,0,,
1476.73,0.224031,0.222067,0.222139,0.233425,0.196741,0.206969,0.192698,0.192319,0.180155,0.199766,0.192083,0.179949,0.195117,0.180625,0.198551,0.196815,0.173314,0.198059,0.184156,0.173343,0.187472,0.192328,0.199251,0.193417,0.189179,0.200455,0.193843,0,0,0,0,,
1478.73,0.225996,0.221421,0.218974,0.234904,0.19722,0.208009,0.191985,0.194001,0.181546,0.201512,0.193491,0.178451,0.195688,0.180683,0.200323,0.197032,0.174006,0.198165,0.186484,0.17411,0.189906,0.194757,0.200303,0.194212,0.18943,0.199244,0.196273,0,0,0,0,,
1480.73,0.225955,0.220928,0.219998,0.234227,0.196009,0.20825,0.190952,0.193144,0.179927,0.198334,0.192126,0.179267,0.193285,0.180899,0.198167,0.197001,0.174123,0.197222,0.183717,0.175405,0.188716,0.194498,0.199713,0.192163,0.188047,0.199382,0.195424,0,0,0,0,,
1482.73,0.226681,0.222251,0.220938,0.233604,0.19658,0.206412,0.190279,0.193465,0.180579,0.198402,0.193048,0.179849,0.194391,0.180925,0.200467,0.198675,0.174382,0.198987,0.186653,0.174885,0.188963,0.196183,0.198845,0.192023,0.187794,0.199737,0.194213,0,0,0,0,,
1484.73,0.226102,0.221719,0.219087,0.230418,0.196822,0.207471,0.191569,0.191834,0.179722,0.19869,0.192823,0.177804,0.187506,0.179578,0.198027,0.195502,0.173562,0.199634,0.183962,0.173789,0.188566,0.193352,0.200281,0.192082,0.186427,0.198223,0.193354,0,0,0,0,,
1486.73,0.224656,0.220426,0.219216,0.229135,0.196404,0.206459,0.19005,0.193836,0.180356,0.20012,0.192346,0.179386,0.192054,0.178541,0.197914,0.195449,0.174642,0.198511,0.184273,0.174272,0.190087,0.193389,0.199877,0.192879,0.187326,0.197857,0.193974,0,0,0,0,,
1488.73,0.225443,0.220915,0.217664,0.231831,0.194988,0.208461,0.18949,0.192278,0.180132,0.198132,0.191206,0.178586,0.194635,0.178748,0.197652,0.194861,0.174294,0.199654,0.18443,0.173753,0.188598,0.193507,0.198335,0.191246,0.186934,0.19694,0.191992,0,0,0,0,,
1490.73,0.227184,0.222264,0.218715,0.233315,0.196281,0.20742,0.190697,0.192739,0.180538,0.20011,0.193277,0.17877,0.194883,0.178438,0.200086,0.196521,0.174136,0.200256,0.185141,0.174741,0.188326,0.193652,0.200316,0.193937,0.189479,0.196947,0.194466,0,0,0,0,,
1492.73,0.229413,0.222699,0.219703,0.232762,0.196629,0.205998,0.190711,0.193973,0.179871,0.200452,0.191918,0.179082,0.194157,0.181586,0.198722,0.197582,0.173632,0.199633,0.186254,0.174919,0.187889,0.192212,0.202376,0.193775,0.188311,0.195707,0.188744,0,0,0,0,,
1494.73,0.22704,0.220682,0.219706,0.23139,0.196433,0.208551,0.190972,0.194366,0.181696,0.200777,0.191411,0.178868,0.193561,0.180877,0.199424,0.197324,0.174323,0.199937,0.186197,0.174759,0.18928,0.192478,0.200402,0.19366,0.188033,0.198913,0.186939,0,0,0,0,,
1496.73,0.225887,0.218115,0.219795,0.230946,0.195801,0.207059,0.189674,0.193157,0.180033,0.197814,0.192767,0.17819,0.195572,0.180535,0.198568,0.198418,0.175052,0.198432,0.18487,0.175216,0.189745,0.190926,0.201472,0.193537,0.188027,0.196176,0.187792,0,0,0,0,,
1498.73,0.226795,0.221803,0.21958,0.23201,0.197295,0.209028,0.191063,0.19476,0.180289,0.199192,0.193383,0.181206,0.195167,0.180025,0.198756,0.198266,0.175695,0.19947,0.18692,0.172918,0.188695,0.19159,0.200908,0.193062,0.18879,0.196385,0.192353,0,0,0,0,,
1500.73,0.225938,0.220997,0.219197,0.230119,0.196985,0.209405,0.191656,0.194705,0.179676,0.200824,0.192986,0.18048,0.195271,0.181153,0.199636,0.197176,0.175365,0.199671,0.185333,0.175451,0.191199,0.19115,0.202319,0.195105,0.18862,0.197378,0.195129,0,0,0,0,,
1502.73,0.225559,0.213972,0.218919,0.231244,0.196292,0.208402,0.190539,0.193303,0.179765,0.199416,0.192868,0.17982,0.195479,0.181218,0.198319,0.197579,0.174937,0.200116,0.185377,0.173872,0.189168,0.188641,0.20204,0.193629,0.189072,0.193928,0.192639,0,0,0,0,,
1504.73,0.226645,0.21214,0.222338,0.230182,0.198256,0.209207,0.192298,0.196101,0.179572,0.199869,0.193624,0.181333,0.197784,0.180788,0.197861,0.197826,0.174482,0.199332,0.185954,0.175549,0.190852,0.191292,0.203716,0.195055,0.190477,0.195799,0.195103,0,0,0,0,,
1506.73,0.224985,0.213354,0.220573,0.230881,0.196626,0.207043,0.191497,0.193578,0.180323,0.199386,0.194136,0.179961,0.195415,0.180468,0.19686,0.197881,0.176511,0.199862,0.185184,0.174725,0.190031,0.189949,0.202735,0.195416,0.189233,0.194056,0.192716,0,0,0,0,,
1508.73,0.225771,0.212353,0.221229,0.231272,0.197985,0.208691,0.193623,0.193003,0.183014,0.200594,0.194035,0.180095,0.196139,0.180859,0.197698,0.197456,0.177135,0.200307,0.186218,0.175721,0.189457,0.189827,0.202962,0.195695,0.190192,0.195529,0.195112,0,0,0,0,,
1510.73,0.225849,0.213474,0.222392,0.231195,0.197299,0.208691,0.191438,0.194614,0.180902,0.201331,0.193378,0.179308,0.19735,0.181739,0.198947,0.198351,0.17736,0.198999,0.185605,0.176101,0.189578,0.189128,0.203993,0.1955,0.190149,0.194572,0.195741,0,0,0,0,,
1512.73,0.226544,0.210156,0.22162,0.231299,0.198714,0.207735,0.193388,0.1944,0.179619,0.199506,0.194155,0.18023,0.197616,0.180128,0.198233,0.198192,0.178242,0.201178,0.185971,0.175742,0.189626,0.189524,0.20412,0.19518,0.190495,0.194467,0.196573,0,0,0,0,,
1514.73,0.226558,0.214787,0.221537,0.233366,0.199363,0.208201,0.193104,0.194725,0.18046,0.199944,0.195655,0.178734,0.197341,0.18106,0.200371,0.195654,0.176165,0.19933,0.186112,0.175714,0.190182,0.189973,0.204569,0.195674,0.190608,0.193653,0.196021,0,0,0,0,,
1516.73,0.223081,0.214734,0.222578,0.231278,0.198417,0.206225,0.191414,0.192855,0.17865,0.200251,0.192536,0.179067,0.196126,0.179288,0.200624,0.196131,0.175198,0.198538,0.184728,0.174966,0.189506,0.188518,0.204915,0.194783,0.188477,0.193341,0.196143,0,0,0,0,,
1518.73,0.223768,0.2149,0.222277,0.231273,0.199166,0.207724,0.192954,0.193546,0.179592,0.201387,0.193385,0.181058,0.196827,0.178935,0.201397,0.198277,0.175663,0.200377,0.186082,0.176032,0.190255,0.187746,0.206825,0.195461,0.190035,0.195244,0.198633,1,0,0,0,1518.48," ""LED 5 s"""
1526.56,0.240808,0.237285,0.232651,0.253767,0.206505,0.217849,0.199079,0.20222,0.187117,0.208789,0.201502,0.19391,0.20589,0.19391,0.209198,0.211736,0.2076,0.217446,0.198209,0.186563,0.201466,0.199848,0.253265,0.224012,0.200524,0.212856,0.217892,0,0,0,0,,
1528.56,0.233615,0.230522,0.227332,0.246044,0.199572,0.213765,0.195181,0.19642,0.184254,0.204496,0.195933,0.191662,0.202309,0.192705,0.202172,0.208374,0.21518,0.220062,0.195296,0.179869,0.197669,0.197694,0.243133,0.244523,0.195669,0.21357,0.21118,0,0,0,0,,
1530.56,0.232296,0.230739,0.228698,0.242576,0.201509,0.215364,0.196193,0.198305,0.183594,0.204992,0.196152,0.193319,0.201604,0.194939,0.205009,0.213144,0.219006,0.222302,0.196172,0.181016,0.199454,0.199049,0.237462,0.243431,0.197204,0.215008,0.210113,0,0,0,0,,
1532.56,0.228125,0.224222,0.223863,0.237265,0.200585,0.214465,0.191817,0.194634,0.181976,0.20126,0.19514,0.193728,0.200602,0.193718,0.20313,0.214491,0.212256,0.213712,0.196075,0.179822,0.196324,0.197104,0.229399,0.234106,0.197263,0.211434,0.205352,0,0,0,0,,
1534.56,0.232784,0.230934,0.232249,0.243219,0.20863,0.221151,0.201085,0.204132,0.189558,0.209305,0.203086,0.202314,0.207818,0.207091,0.210656,0.225421,0.215937,0.220994,0.204288,0.188186,0.205728,0.20469,0.231486,0.234895,0.203586,0.219432,0.212904,0,0,0,0,,
1536.56,0.220868,0.224967,0.224818,0.235034,0.200932,0.214431,0.19471,0.196768,0.184693,0.202946,0.196527,0.199116,0.201438,0.201266,0.205084,0.222253,0.204484,0.211974,0.197447,0.181794,0.199716,0.198529,0.218322,0.221751,0.196328,0.21032,0.203015,0,0,0,0,,
1538.56,0.220038,0.224657,0.22369,0.234976,0.202559,0.214609,0.195596,0.197628,0.182267,0.205459,0.197407,0.197404,0.202153,0.203967,0.205252,0.224938,0.199713,0.209653,0.19916,0.180296,0.201105,0.197368,0.217498,0.215882,0.195978,0.209403,0.200679,0,0,0,0,,
1540.56,0.217616,0.225362,0.220443,0.232208,0.200962,0.211709,0.193222,0.197177,0.183302,0.201483,0.195837,0.195393,0.200356,0.200979,0.203992,0.226005,0.197588,0.206437,0.196018,0.180359,0.198542,0.196469,0.211221,0.210197,0.194978,0.208586,0.198183,0,0,0,0,,
1542.56,0.22432,0.227006,0.228293,0.239922,0.207977,0.21809,0.199644,0.202667,0.188506,0.208503,0.202929,0.20163,0.206675,0.207399,0.210397,0.231581,0.198501,0.210576,0.20174,0.186649,0.204838,0.202638,0.215953,0.213654,0.201945,0.212673,0.20405,0,0,0,0,,
1544.56,0.218056,0.222769,0.221678,0.235819,0.202428,0.213763,0.195612,0.19686,0.184919,0.203584,0.196185,0.197805,0.200885,0.198672,0.205693,0.223909,0.193465,0.20446,0.197423,0.181581,0.200664,0.194964,0.208456,0.206645,0.197265,0.206367,0.198993,0,0,0,0,,
1546.56,0.225132,0.226815,0.224949,0.238694,0.206289,0.219179,0.199904,0.202758,0.189485,0.206671,0.201158,0.199324,0.20527,0.202182,0.209861,0.225633,0.192658,0.209085,0.19918,0.18554,0.203701,0.199711,0.212407,0.208785,0.200716,0.210455,0.201161,0,0,0,0,,
1548.56,0.226347,0.2247,0.220707,0.233658,0.200871,0.214804,0.1959,0.196796,0.184204,0.202986,0.196658,0.191726,0.200443,0.195038,0.204542,0.216976,0.187676,0.201313,0.192105,0.179512,0.19807,0.192909,0.205008,0.201151,0.196783,0.204115,0.195313,0,0,0,0,,
1550.56,0.228711,0.225918,0.220239,0.234467,0.202451,0.214783,0.195406,0.1969,0.184622,0.202666,0.197196,0.192101,0.198757,0.193234,0.204365,0.212665,0.185172,0.201102,0.192479,0.179968,0.197184,0.193442,0.204559,0.200645,0.195959,0.203634,0.194713,0,0,0,0,,
1552.56,0.227025,0.224122,0.219246,0.232969,0.201021,0.214016,0.195505,0.197762,0.182657,0.201174,0.196021,0.18957,0.198544,0.19072,0.202911,0.210055,0.18147,0.202378,0.191935,0.179976,0.197072,0.191855,0.204073,0.199223,0.197001,0.20037,0.196162,0,0,0,0,,
1554.56,0.225036,0.220671,0.216594,0.22852,0.198736,0.209256,0.191511,0.194839,0.180734,0.20057,0.19406,0.186958,0.197658,0.186616,0.200221,0.206807,0.177965,0.198769,0.188335,0.175641,0.193837,0.189559,0.199888,0.1958,0.191994,0.197398,0.192886,0,0,0,0,,
1556.56,0.224894,0.22184,0.218741,0.233966,0.199349,0.212739,0.193565,0.195916,0.18217,0.20344,0.197541,0.185206,0.199866,0.188199,0.202765,0.206243,0.177972,0.199167,0.191067,0.179094,0.195277,0.191925,0.201976,0.195582,0.193578,0.196647,0.195442,0,0,0,0,,
1558.56,0.230149,0.224238,0.219972,0.234667,0.203815,0.215592,0.196726,0.198923,0.186518,0.205436,0.198678,0.189556,0.202168,0.189077,0.206483,0.206862,0.180912,0.203428,0.190714,0.180872,0.197145,0.192912,0.20464,0.196033,0.194505,0.201089,0.199508,0,0,0,0,,
1560.56,0.22802,0.223173,0.220561,0.232534,0.202279,0.214458,0.195494,0.197927,0.184456,0.203876,0.196831,0.185598,0.199796,0.188502,0.204723,0.205249,0.178369,0.202444,0.188825,0.179586,0.19516,0.18893,0.201158,0.196138,0.19424,0.199169,0.198389,0,0,0,0,,
1562.56,0.227047,0.222329,0.219742,0.232975,0.200814,0.21336,0.196077,0.197146,0.184482,0.203421,0.196407,0.186097,0.199514,0.186295,0.205065,0.20602,0.178204,0.200146,0.189019,0.178611,0.194039,0.189988,0.20261,0.197119,0.192052,0.200338,0.198894,0,0,0,0,,
1564.56,0.228151,0.221494,0.218331,0.231007,0.201238,0.212067,0.195069,0.196425,0.184956,0.202055,0.196422,0.185051,0.198779,0.184046,0.20436,0.204538,0.17892,0.200903,0.188208,0.178915,0.190043,0.191081,0.201951,0.197388,0.193447,0.199427,0.19683,0,0,0,0,,
1566.56,0.227546,0.222684,0.218749,0.231827,0.202099,0.212484,0.194274,0.1961,0.184731,0.202614,0.196016,0.185048,0.199366,0.183342,0.203702,0.202275,0.177928,0.199684,0.18793,0.177756,0.192629,0.189498,0.20349,0.196059,0.189783,0.198231,0.195297,0,0,0,0,,
1568.56,0.224655,0.221094,0.218006,0.232747,0.200101,0.213156,0.1921,0.19519,0.181551,0.201578,0.194456,0.182671,0.198272,0.182737,0.202343,0.201208,0.176084,0.199076,0.185838,0.177889,0.190933,0.190417,0.200989,0.194821,0.191695,0.197993,0.195722,0,0,0,0,,
1570.56,0.225347,0.220634,0.217415,0.232745,0.201734,0.21499,0.194477,0.195863,0.183948,0.201682,0.195268,0.183716,0.199328,0.182092,0.203782,0.199787,0.176858,0.199596,0.181345,0.178187,0.190017,0.188686,0.200554,0.195386,0.192123,0.200353,0.196772,0,0,0,0,,
1572.56,0.226928,0.2206,0.216508,0.233085,0.20058,0.213145,0.194832,0.195203,0.181473,0.199612,0.19448,0.182749,0.198294,0.181601,0.204085,0.19986,0.175424,0.198492,0.182218,0.175758,0.190852,0.189782,0.200187,0.194853,0.191758,0.202595,0.199526,0,0,0,0,,
1574.56,0.223653,0.219427,0.215439,0.23211,0.20005,0.211951,0.1938,0.194332,0.181372,0.201872,0.194044,0.180635,0.197564,0.18154,0.203492,0.200049,0.1742,0.198476,0.183014,0.176501,0.190648,0.189383,0.198678,0.194456,0.192873,0.201696,0.200462,0,0,0,0,,
1576.56,0.225856,0.221798,0.216716,0.23126,0.201049,0.212177,0.192993,0.194918,0.183347,0.20268,0.19413,0.182903,0.197244,0.182921,0.204268,0.200528,0.175235,0.198589,0.184724,0.176436,0.190035,0.188914,0.200078,0.194887,0.191523,0.201527,0.202064,0,0,0,0,,
1578.56,0.224853,0.219547,0.218444,0.233254,0.201209,0.215481,0.195264,0.195988,0.182248,0.203293,0.194281,0.182671,0.197947,0.182508,0.204782,0.199337,0.175792,0.19874,0.186702,0.176287,0.191954,0.189553,0.200697,0.196086,0.192416,0.20337,0.200117,0,0,0,0,,
1580.56,0.223032,0.218575,0.217306,0.230498,0.199397,0.212222,0.193096,0.194421,0.181119,0.201342,0.194696,0.180425,0.197906,0.18213,0.202994,0.19831,0.173893,0.198265,0.187185,0.17632,0.191399,0.187987,0.199063,0.192595,0.190858,0.201393,0.197241,0,0,0,0,,
1582.56,0.225524,0.219855,0.216345,0.230897,0.200668,0.212274,0.193866,0.196603,0.183059,0.202718,0.194978,0.182461,0.19817,0.18293,0.203856,0.200413,0.174732,0.198806,0.186485,0.176025,0.189253,0.189551,0.201236,0.193795,0.191227,0.206385,0.201207,0,0,0,0,,
1584.56,0.224404,0.220647,0.217602,0.229612,0.199795,0.211577,0.190648,0.195372,0.182885,0.202901,0.195184,0.180311,0.197073,0.181829,0.204469,0.19953,0.175199,0.199098,0.187017,0.176382,0.191328,0.188452,0.199082,0.193737,0.19081,0.202495,0.20224,0,0,0,0,,
1586.56,0.223952,0.219065,0.214802,0.228273,0.19946,0.211468,0.19289,0.19585,0.182325,0.202101,0.193361,0.18228,0.197224,0.18194,0.203696,0.199552,0.173619,0.199349,0.186906,0.175701,0.190665,0.189091,0.199671,0.194228,0.190839,0.200983,0.203161,0,0,0,0,,
1588.56,0.224885,0.217878,0.216337,0.231966,0.200526,0.214991,0.192211,0.195583,0.183748,0.202605,0.195171,0.180598,0.197616,0.181745,0.20477,0.199904,0.175638,0.200654,0.187441,0.173959,0.190006,0.189453,0.199722,0.194844,0.190834,0.204364,0.200646,0,0,0,0,,
1591.08,0.224367,0.2203,0.217201,0.23306,0.201063,0.213872,0.192848,0.195517,0.181984,0.201659,0.193782,0.181738,0.199052,0.18089,0.203519,0.199481,0.174518,0.199194,0.186571,0.169874,0.191451,0.190591,0.200406,0.194451,0.189649,0.20401,0.200187,0,0,0,0,,
1593.08,0.226006,0.220024,0.218142,0.233399,0.198711,0.214462,0.191815,0.195345,0.18236,0.202071,0.19447,0.181527,0.197521,0.181991,0.20528,0.198845,0.17309,0.200089,0.186531,0.171256,0.190988,0.191244,0.200869,0.194189,0.190199,0.203326,0.197711,0,0,0,0,,
1595.08,0.226262,0.221103,0.217457,0.233701,0.20034,0.211029,0.192628,0.195079,0.184484,0.200697,0.195002,0.180333,0.19857,0.181642,0.203762,0.200077,0.173477,0.200122,0.187281,0.173441,0.191466,0.192836,0.201181,0.195477,0.190376,0.203554,0.197568,0,0,0,0,,
1597.08,0.228223,0.220525,0.216046,0.232228,0.199166,0.211539,0.191633,0.195385,0.182909,0.203846,0.194576,0.182934,0.199134,0.180494,0.205414,0.198817,0.173199,0.201203,0.186623,0.17272,0.191395,0.194696,0.200405,0.196175,0.19014,0.200824,0.196365,0,0,0,0,,
1599.08,0.227214,0.221665,0.215088,0.231949,0.199097,0.212565,0.193143,0.194948,0.181288,0.202457,0.193639,0.181057,0.198798,0.180245,0.203199,0.198725,0.175155,0.201095,0.186501,0.172489,0.191623,0.19704,0.201698,0.195218,0.189138,0.203074,0.194541,0,0,0,0,,
1601.08,0.228931,0.219563,0.218168,0.233398,0.20149,0.211405,0.195113,0.195907,0.180873,0.201527,0.194428,0.181749,0.199255,0.182862,0.204431,0.199959,0.176637,0.200682,0.188065,0.173935,0.19095,0.196998,0.20141,0.19544,0.189636,0.202678,0.196177,0,0,0,0,,
1603.08,0.22712,0.220684,0.218136,0.23039,0.199566,0.212726,0.193316,0.193896,0.1822,0.202167,0.194249,0.181055,0.197628,0.181089,0.202926,0.200232,0.174274,0.200626,0.185399,0.173217,0.188954,0.198354,0.200506,0.195044,0.188352,0.199941,0.195655,0,0,0,0,,
1605.08,0.227584,0.220271,0.21743,0.23192,0.200805,0.216386,0.193622,0.195358,0.1833,0.203124,0.194355,0.182405,0.19891,0.182262,0.205049,0.200214,0.175976,0.200734,0.188152,0.173401,0.191512,0.197521,0.202019,0.195683,0.19169,0.203244,0.196476,0,0,0,0,,
1607.08,0.228388,0.220286,0.218296,0.230245,0.199549,0.216667,0.191845,0.194576,0.18306,0.200791,0.192974,0.18111,0.198722,0.179455,0.201733,0.198151,0.17579,0.199769,0.185592,0.170445,0.190499,0.19747,0.201888,0.194927,0.189546,0.202205,0.192967,0,0,0,0,,
1609.08,0.227191,0.220903,0.215424,0.233246,0.198758,0.219304,0.193947,0.194239,0.181208,0.201922,0.192706,0.181209,0.19696,0.179394,0.202011,0.198388,0.174297,0.201012,0.187085,0.172715,0.189632,0.194671,0.201457,0.195304,0.189363,0.20329,0.193855,0,0,0,0,,
1611.08,0.228928,0.22102,0.219486,0.230287,0.200783,0.230074,0.193509,0.195372,0.182046,0.20193,0.194297,0.182445,0.198795,0.183236,0.203394,0.199394,0.176298,0.202533,0.187022,0.172638,0.190485,0.195164,0.200405,0.195808,0.190288,0.203034,0.195646,0,0,0,0,,
1613.08,0.225061,0.221456,0.219712,0.234047,0.199867,0.229547,0.194163,0.194833,0.18165,0.201952,0.196515,0.183852,0.199972,0.181747,0.20411,0.201577,0.176548,0.199829,0.188692,0.176238,0.190865,0.194788,0.200471,0.195999,0.189845,0.203879,0.195617,0,0,0,0,,
1615.08,0.225113,0.217981,0.217995,0.229137,0.19873,0.226829,0.19497,0.195791,0.181797,0.201507,0.194679,0.18191,0.197741,0.181712,0.202843,0.20015,0.174509,0.200544,0.187947,0.176718,0.190366,0.192288,0.202201,0.194815,0.189657,0.203485,0.195031,0,0,0,0,,
1617.08,0.22514,0.22072,0.219609,0.229754,0.197616,0.223511,0.193369,0.193746,0.18161,0.201551,0.193449,0.181273,0.198281,0.181141,0.201727,0.200846,0.176977,0.199717,0.18723,0.174507,0.18932,0.192996,0.200408,0.19525,0.188785,0.201462,0.193442,0,0,0,0,,
1619.08,0.226519,0.222577,0.218272,0.23096,0.199914,0.220165,0.19304,0.194201,0.182173,0.201775,0.194936,0.181015,0.198924,0.18039,0.202442,0.200573,0.176567,0.200158,0.187469,0.175866,0.189499,0.191428,0.202446,0.195463,0.189014,0.203459,0.194563,0,0,0,0,,
1621.08,0.227261,0.219331,0.218385,0.232059,0.198833,0.218033,0.191207,0.194251,0.182924,0.201354,0.194737,0.181912,0.197879,0.179103,0.202414,0.199348,0.173814,0.201095,0.186382,0.174473,0.189949,0.190865,0.202369,0.194835,0.18889,0.20274,0.193079,0,0,0,0,,
1623.08,0.227529,0.221477,0.224219,0.231753,0.19914,0.215992,0.19403,0.195854,0.184484,0.201099,0.195606,0.182458,0.198122,0.179784,0.203457,0.200021,0.176326,0.199527,0.188895,0.17724,0.190767,0.191192,0.202606,0.197045,0.190322,0.203409,0.195293,0,0,0,0,,
1625.08,0.229372,0.220045,0.221388,0.233073,0.200021,0.217201,0.194863,0.194724,0.183168,0.201859,0.195297,0.182469,0.197806,0.18071,0.20417,0.201126,0.178145,0.201565,0.188287,0.17489,0.19067,0.189955,0.201797,0.195937,0.19041,0.200663,0.196962,0,0,0,0,,
1627.08,0.226408,0.220562,0.220216,0.233098,0.198687,0.214172,0.19229,0.194298,0.183571,0.202921,0.194819,0.183592,0.197885,0.18147,0.201965,0.200229,0.176137,0.201745,0.188373,0.174337,0.190631,0.191155,0.201446,0.196637,0.190385,0.202464,0.197569,1,0,0,0,1626.25," ""LED 5 s"""
1636.25,0.240629,0.239289,0.236838,0.252489,0.206149,0.21895,0.197812,0.201606,0.188726,0.208622,0.201925,0.197663,0.207715,0.193687,0.209772,0.216279,0.188752,0.227191,0.200101,0.182279,0.200779,0.2001,0.228443,0.212965,0.197031,0.213428,0.21808,0,0,0,0,,
1638.25,0.238463,0.233363,0.231791,0.245551,0.204568,0.216095,0.197138,0.198894,0.185122,0.206213,0.199187,0.202256,0.20789,0.191826,0.208007,0.218991,0.197927,0.225507,0.199385,0.178895,0.201059,0.196829,0.242754,0.221171,0.196392,0.212138,0.213452,0,0,0,0,,
1640.25,0.235534,0.228491,0.228102,0.241895,0.201745,0.215057,0.194779,0.198888,0.183133,0.205183,0.197564,0.209858,0.206234,0.192963,0.205705,0.225469,0.206583,0.221602,0.200134,0.179406,0.201217,0.196651,0.240644,0.235514,0.193142,0.211646,0.210827,0,0,0,0,,
1642.25,0.231769,0.228236,0.227297,0.23756,0.202983,0.215108,0.195439,0.196467,0.183645,0.204053,0.197879,0.216791,0.205641,0.195268,0.205964,0.231205,0.215379,0.214502,0.199684,0.179971,0.199456,0.196172,0.236861,0.237705,0.193425,0.210877,0.208636,0,0,0,0,,
1644.25,0.231119,0.226247,0.224236,0.238083,0.203186,0.216514,0.194953,0.197024,0.183962,0.205472,0.197034,0.216104,0.206584,0.197692,0.205053,0.230647,0.217532,0.209316,0.199078,0.180729,0.20297,0.196368,0.227982,0.232792,0.192453,0.212263,0.20587,0,0,0,0,,
1646.25,0.228309,0.224461,0.223055,0.233121,0.203105,0.214272,0.195162,0.19767,0.183852,0.204649,0.196792,0.211782,0.207112,0.196028,0.204293,0.228183,0.215446,0.207505,0.199794,0.177988,0.202438,0.195902,0.225211,0.22682,0.192955,0.21024,0.205268,0,0,0,0,,
1648.25,0.226794,0.223005,0.223579,0.232403,0.202282,0.21554,0.193458,0.196308,0.182246,0.204526,0.195468,0.207795,0.206096,0.195399,0.204148,0.223804,0.208983,0.206826,0.198827,0.17837,0.200706,0.195645,0.219412,0.220418,0.192359,0.2093,0.201226,0,0,0,0,,
1650.25,0.225275,0.220572,0.219884,0.230046,0.201912,0.213178,0.196874,0.196584,0.183712,0.203365,0.196637,0.203709,0.208712,0.195335,0.205891,0.218199,0.204507,0.203995,0.198114,0.178948,0.201097,0.195521,0.215697,0.21585,0.192733,0.207506,0.20156,0,0,0,0,,
1652.25,0.224855,0.219081,0.220382,0.230379,0.202944,0.212553,0.194893,0.196527,0.183599,0.203142,0.196883,0.200065,0.206467,0.196001,0.204002,0.215133,0.19967,0.202601,0.197685,0.177863,0.20059,0.196086,0.211972,0.212112,0.191753,0.207347,0.19984,0,0,0,0,,
1654.25,0.226472,0.219517,0.218966,0.231394,0.202914,0.212993,0.194751,0.196788,0.183962,0.204733,0.197579,0.197239,0.207299,0.194321,0.204257,0.210267,0.196403,0.201328,0.195094,0.178183,0.200797,0.194021,0.210679,0.208924,0.194294,0.20499,0.197535,0,0,0,0,,
1656.25,0.225437,0.217703,0.218087,0.231072,0.200271,0.214306,0.194689,0.195859,0.183078,0.202921,0.19529,0.193863,0.205263,0.195261,0.203204,0.210448,0.192991,0.201135,0.19425,0.177659,0.198934,0.193366,0.207689,0.205377,0.192888,0.204843,0.198218,0,0,0,0,,
1658.25,0.226772,0.22055,0.217135,0.229537,0.201282,0.211217,0.194042,0.196267,0.183142,0.202644,0.195293,0.191257,0.20584,0.193759,0.203972,0.205942,0.189405,0.19988,0.191756,0.176488,0.19789,0.193067,0.205859,0.203149,0.193655,0.203613,0.195397,0,0,0,0,,
1660.25,0.223602,0.218378,0.214676,0.229593,0.200363,0.212231,0.19167,0.194319,0.180773,0.203979,0.194814,0.18997,0.20286,0.193174,0.20221,0.204103,0.187347,0.198153,0.189112,0.177291,0.198089,0.192698,0.204051,0.201397,0.191775,0.20191,0.194903,0,0,0,0,,
1662.25,0.225281,0.217683,0.217692,0.230627,0.201297,0.212169,0.193761,0.195966,0.181329,0.20339,0.19532,0.186881,0.203408,0.191813,0.202208,0.20347,0.184474,0.197356,0.18914,0.17869,0.196878,0.191581,0.202456,0.200433,0.193274,0.199994,0.195704,0,0,0,0,,
1664.25,0.224093,0.21699,0.217517,0.229594,0.200897,0.212126,0.19335,0.196227,0.182008,0.203132,0.197781,0.186805,0.204574,0.190989,0.203995,0.203605,0.183022,0.197776,0.189878,0.179993,0.198868,0.192816,0.202905,0.198634,0.192885,0.201359,0.195619,0,0,0,0,,
1666.25,0.226764,0.219949,0.218301,0.229057,0.201613,0.213736,0.196528,0.197219,0.182471,0.204148,0.197378,0.186748,0.204672,0.191147,0.20368,0.202566,0.183907,0.199349,0.190967,0.180222,0.199167,0.191942,0.203932,0.19854,0.194027,0.20202,0.196251,0,0,0,0,,
1668.25,0.224177,0.217528,0.217026,0.229215,0.200746,0.210994,0.19327,0.19579,0.181261,0.203076,0.195183,0.18384,0.201376,0.18827,0.203008,0.202198,0.180451,0.197295,0.188274,0.17745,0.196992,0.190531,0.201293,0.197685,0.191091,0.201887,0.197545,0,0,0,0,,
1670.25,0.223453,0.217713,0.216587,0.229843,0.201001,0.214106,0.192442,0.194687,0.182451,0.202934,0.196095,0.185636,0.203508,0.188238,0.203978,0.202114,0.180345,0.196393,0.187657,0.17693,0.195345,0.190974,0.201983,0.197842,0.19327,0.201985,0.199561,0,0,0,0,,
1672.25,0.223214,0.218816,0.215876,0.22986,0.200224,0.211284,0.19195,0.196207,0.180155,0.201615,0.19481,0.18447,0.201227,0.185397,0.200943,0.198786,0.179806,0.197898,0.187252,0.175948,0.19561,0.190471,0.200887,0.19673,0.190396,0.20081,0.200597,0,0,0,0,,
1674.25,0.224685,0.218174,0.217579,0.230621,0.201025,0.211646,0.193583,0.196729,0.182783,0.20291,0.194473,0.183422,0.202107,0.186075,0.203162,0.199974,0.179585,0.197525,0.187565,0.177871,0.192774,0.190809,0.200629,0.19715,0.19242,0.203981,0.206161,0,0,0,0,,
1676.25,0.225684,0.21907,0.216485,0.229079,0.201015,0.212373,0.194599,0.196127,0.183749,0.203721,0.195378,0.185752,0.201401,0.187896,0.202982,0.201283,0.178728,0.199005,0.188315,0.176076,0.193919,0.191523,0.201017,0.197886,0.192236,0.202877,0.204957,0,0,0,0,,
1678.25,0.227154,0.219724,0.218512,0.228519,0.200667,0.213847,0.195837,0.196253,0.183137,0.204387,0.19637,0.184764,0.202223,0.186584,0.204695,0.201729,0.17933,0.198468,0.189166,0.178329,0.195492,0.196549,0.203797,0.197166,0.192812,0.203784,0.202667,0,0,0,0,,
1680.25,0.223966,0.218718,0.217055,0.227225,0.19955,0.21236,0.192968,0.194911,0.181749,0.203472,0.195,0.181834,0.200694,0.183426,0.201119,0.200321,0.17638,0.196326,0.188733,0.176318,0.191555,0.197964,0.210267,0.196905,0.191778,0.205672,0.203618,0,0,0,0,,
1682.25,0.22446,0.220893,0.217181,0.229539,0.200266,0.213522,0.194084,0.196037,0.182328,0.202859,0.195563,0.184028,0.202211,0.183921,0.203469,0.199714,0.176265,0.198661,0.188131,0.17755,0.192951,0.201546,0.215849,0.197278,0.192211,0.20671,0.203984,0,0,0,0,,
1684.25,0.225937,0.220664,0.217294,0.227948,0.199211,0.21315,0.193241,0.196112,0.181246,0.202572,0.193304,0.181418,0.202202,0.184875,0.203464,0.198844,0.177278,0.198957,0.188294,0.177417,0.190617,0.203246,0.220706,0.196404,0.191804,0.204804,0.201937,0,0,0,0,,
1686.25,0.226571,0.221838,0.218077,0.227834,0.200246,0.212534,0.193417,0.195173,0.183189,0.202036,0.194955,0.183755,0.20059,0.182935,0.20398,0.198585,0.17702,0.199063,0.186473,0.176197,0.194026,0.206686,0.220101,0.196425,0.191678,0.205039,0.20187,0,0,0,0,,
1688.25,0.228033,0.220646,0.217234,0.228125,0.199703,0.210034,0.192015,0.195263,0.181688,0.204242,0.195575,0.182477,0.200483,0.182956,0.20268,0.198403,0.177273,0.197437,0.187599,0.174698,0.191364,0.204912,0.2192,0.196223,0.191539,0.205685,0.201439,0,0,0,0,,
1690.25,0.228229,0.219534,0.217552,0.228438,0.199951,0.211916,0.193421,0.195404,0.182966,0.202683,0.194348,0.183026,0.201179,0.184335,0.2033,0.198789,0.178741,0.197803,0.187945,0.176997,0.193337,0.202256,0.218615,0.197128,0.190984,0.206679,0.201534,0,0,0,0,,
1692.25,0.227647,0.218995,0.216412,0.227042,0.199162,0.21336,0.192005,0.195063,0.182018,0.202932,0.194935,0.183052,0.200582,0.183645,0.204635,0.201481,0.177094,0.199501,0.186996,0.177697,0.191716,0.198741,0.215149,0.197064,0.191286,0.204488,0.200764,0,0,0,0,,
1694.25,0.226842,0.218898,0.217038,0.228391,0.200669,0.210215,0.193368,0.195689,0.182479,0.202365,0.194677,0.183631,0.199622,0.182366,0.204716,0.198339,0.177776,0.198636,0.187641,0.177243,0.192401,0.19915,0.214674,0.197646,0.193663,0.202236,0.196429,0,0,0,0,,
1696.25,0.227153,0.220628,0.218288,0.228839,0.200281,0.213121,0.192221,0.195622,0.181154,0.200333,0.196076,0.183061,0.199321,0.181103,0.203557,0.199836,0.177134,0.19686,0.186605,0.178495,0.191799,0.1966,0.21363,0.195825,0.191197,0.202423,0.194819,0,0,0,0,,
1698.25,0.225945,0.217449,0.21912,0.226948,0.200869,0.212017,0.193445,0.195265,0.180925,0.203145,0.194555,0.182771,0.200129,0.182413,0.202038,0.199696,0.175789,0.197632,0.186358,0.177505,0.190994,0.19716,0.212143,0.196125,0.192636,0.200463,0.192187,0,0,0,0,,
1700.25,0.226726,0.218939,0.218882,0.229761,0.20179,0.211533,0.191272,0.195521,0.182717,0.203763,0.195007,0.184226,0.199528,0.182368,0.203925,0.20143,0.178569,0.199015,0.188155,0.176069,0.192714,0.197732,0.211968,0.198171,0.193291,0.200499,0.192265,0,0,0,0,,
1702.25,0.227872,0.219839,0.216345,0.229701,0.200562,0.213418,0.193434,0.19769,0.181803,0.20318,0.196391,0.183471,0.200692,0.18304,0.203967,0.20027,0.178143,0.198237,0.188823,0.176987,0.191569,0.196744,0.21077,0.19691,0.193746,0.198982,0.191933,0,0,0,0,,
1704.25,0.227319,0.22007,0.218392,0.233049,0.200818,0.212396,0.191907,0.19647,0.183111,0.203925,0.194577,0.184559,0.201307,0.182188,0.204425,0.200073,0.178187,0.198652,0.18916,0.17748,0.191564,0.195843,0.210293,0.198106,0.192924,0.200214,0.190869,0,0,0,0,,
1706.25,0.227981,0.218997,0.220916,0.227797,0.201601,0.213598,0.191634,0.194132,0.181207,0.202724,0.195704,0.184181,0.20001,0.182604,0.204276,0.200118,0.178003,0.198781,0.18817,0.177898,0.191765,0.195785,0.207953,0.197317,0.191313,0.199444,0.190127,0,0,0,0,,
1708.25,0.231908,0.217348,0.216769,0.22614,0.200449,0.211359,0.191512,0.194635,0.181931,0.202395,0.194959,0.184576,0.199879,0.181968,0.20258,0.200588,0.177317,0.198986,0.186822,0.175429,0.190082,0.194543,0.208255,0.197788,0.192063,0.198287,0.187838,0,0,0,0,,
1710.25,0.233318,0.217827,0.214426,0.226719,0.19994,0.211489,0.192811,0.194336,0.181931,0.202122,0.195951,0.18529,0.201368,0.183453,0.203399,0.20058,0.177486,0.198856,0.188906,0.176399,0.190899,0.193652,0.208771,0.197092,0.192094,0.199519,0.186869,0,0,0,0,,
1712.25,0.235054,0.2171,0.215631,0.22665,0.20207,0.211658,0.192116,0.196114,0.1825,0.203475,0.196738,0.184162,0.201092,0.183436,0.202961,0.201115,0.178148,0.196865,0.187714,0.177933,0.191885,0.194922,0.207234,0.196971,0.191492,0.197967,0.186342,0,0,0,0,,
1714.25,0.233559,0.216164,0.214946,0.22886,0.200129,0.212141,0.189437,0.193817,0.181873,0.20346,0.194527,0.183015,0.198804,0.182394,0.202309,0.19866,0.176673,0.196256,0.184761,0.174795,0.188895,0.196372,0.205865,0.196121,0.188777,0.197685,0.185575,0,0,0,0,,
1716.25,0.233904,0.216533,0.216523,0.22619,0.200771,0.212564,0.192566,0.194289,0.182408,0.202076,0.195947,0.183912,0.199108,0.183014,0.202598,0.200662,0.175945,0.197359,0.185921,0.176899,0.191075,0.196773,0.205215,0.196593,0.192123,0.198033,0.185945,0,0,0,0,,
1718.25,0.234291,0.216331,0.213983,0.227345,0.200038,0.210644,0.191087,0.194034,0.182035,0.201911,0.195243,0.184553,0.199693,0.184614,0.201316,0.200365,0.177492,0.198415,0.187126,0.176623,0.191706,0.196103,0.204241,0.198017,0.190486,0.197936,0.184863,0,0,0,0,,
1720.25,0.230183,0.217079,0.217139,0.225538,0.201403,0.211537,0.191479,0.193746,0.182812,0.202783,0.196574,0.18306,0.200655,0.183075,0.201822,0.200249,0.178673,0.198086,0.18754,0.17608,0.190477,0.195656,0.205521,0.197354,0.190056,0.19811,0.184879,0,0,0,0,,
1722.25,0.231226,0.217473,0.216957,0.227589,0.202113,0.212362,0.192115,0.194644,0.18278,0.203974,0.195442,0.184039,0.199689,0.184935,0.201827,0.201009,0.177447,0.198264,0.188782,0.17635,0.190711,0.194901,0.20543,0.199088,0.1909,0.198765,0.185041,0,0,0,0,,
1724.25,0.228929,0.217851,0.216794,0.226583,0.1997,0.210389,0.192603,0.19428,0.18134,0.202743,0.194698,0.183543,0.199393,0.183693,0.202254,0.20002,0.177758,0.197533,0.18701,0.175015,0.190788,0.19435,0.204138,0.198027,0.190278,0.196269,0.184713,0,0,0,0,,
1726.25,0.228098,0.21971,0.215397,0.229062,0.201991,0.21233,0.193342,0.195325,0.182711,0.204227,0.196045,0.184482,0.201518,0.187319,0.201911,0.201444,0.179075,0.199448,0.189471,0.17623,0.1913,0.194618,0.205089,0.198837,0.191467,0.200446,0.187683,0,0,0,0,,
1728.25,0.22987,0.21682,0.21517,0.225453,0.200359,0.211176,0.191886,0.193709,0.182405,0.20207,0.194511,0.185023,0.19993,0.182769,0.200562,0.199723,0.17817,0.197356,0.185303,0.176057,0.190816,0.19411,0.203288,0.196841,0.188634,0.197283,0.184284,0,0,0,0,,
1730.25,0.22755,0.216764,0.217783,0.226206,0.199987,0.214361,0.192267,0.194773,0.180524,0.203684,0.195563,0.182968,0.200236,0.184535,0.201836,0.201031,0.178577,0.197883,0.188464,0.178609,0.19005,0.191129,0.204085,0.198294,0.190342,0.197582,0.184654,0,0,0,0,,
1732.25,0.228319,0.214989,0.21632,0.2252,0.202033,0.212689,0.190429,0.194644,0.18126,0.20161,0.194744,0.184351,0.201557,0.18313,0.202096,0.201482,0.177504,0.197894,0.187185,0.176577,0.191019,0.193743,0.204116,0.197869,0.190489,0.197288,0.184415,0,0,0,0,,
1734.25,0.224479,0.216308,0.214147,0.223084,0.199536,0.209388,0.19046,0.192688,0.180083,0.201713,0.1943,0.181839,0.198475,0.18228,0.200804,0.200244,0.177981,0.195421,0.185456,0.175911,0.191157,0.1899,0.201255,0.19606,0.189321,0.198122,0.183336,0,0,0,0,,
1736.25,0.226161,0.217503,0.218673,0.224689,0.201547,0.21232,0.192295,0.1946,0.17991,0.203804,0.194798,0.185081,0.200678,0.184389,0.2017,0.201697,0.17842,0.197458,0.187867,0.175724,0.190776,0.190108,0.203554,0.197972,0.189121,0.200416,0.186097,0,0,0,0,,
1738.25,0.226637,0.216442,0.220389,0.225568,0.200036,0.211958,0.192332,0.195899,0.180146,0.203121,0.196588,0.184495,0.200158,0.182519,0.201055,0.202724,0.178163,0.198015,0.186396,0.176968,0.192319,0.19057,0.203847,0.198554,0.189621,0.200534,0.186205,0,0,0,0,,
1740.25,0.22646,0.217398,0.220001,0.226271,0.201275,0.213213,0.191645,0.196003,0.182451,0.203482,0.197433,0.18498,0.200185,0.184325,0.201766,0.2048,0.179195,0.198829,0.185781,0.176728,0.191861,0.192028,0.204402,0.197719,0.19149,0.203166,0.189213,0,0,0,0,,
1742.25,0.225046,0.21667,0.217294,0.226806,0.199804,0.214626,0.190406,0.194317,0.180115,0.203709,0.196631,0.18356,0.198975,0.183837,0.199946,0.205659,0.178804,0.19818,0.185668,0.175774,0.191041,0.190817,0.203586,0.198236,0.188324,0.200729,0.187078,0,0,0,0,,
1744.25,0.225081,0.216851,0.218614,0.228945,0.200821,0.217917,0.191654,0.195439,0.181686,0.20294,0.196063,0.184756,0.20082,0.183361,0.201364,0.210631,0.181521,0.198868,0.189053,0.176867,0.191077,0.191267,0.203761,0.198991,0.18835,0.202172,0.189981,0,0,0,0,,
1746.25,0.224973,0.216968,0.217565,0.227084,0.200149,0.217364,0.190077,0.194129,0.181318,0.203704,0.195347,0.184463,0.202211,0.183489,0.201786,0.211997,0.181066,0.199005,0.188784,0.176973,0.191489,0.190148,0.204239,0.199186,0.190025,0.203413,0.189522,0,0,0,0,,
1748.25,0.225106,0.217667,0.218388,0.224314,0.202184,0.219217,0.193172,0.195737,0.180939,0.204183,0.197571,0.186239,0.20042,0.183311,0.202411,0.21512,0.180184,0.201907,0.188249,0.179306,0.191909,0.1906,0.204949,0.200955,0.190667,0.204568,0.193933,0,0,0,0,,
1750.25,0.225466,0.216843,0.217779,0.226934,0.201727,0.21577,0.191172,0.194406,0.180384,0.203444,0.194724,0.183718,0.199841,0.182497,0.201287,0.213923,0.181179,0.200502,0.187837,0.178161,0.191078,0.191685,0.203863,0.200697,0.189407,0.202859,0.1966,0,0,0,0,,
1752.25,0.227019,0.21745,0.219318,0.228834,0.200554,0.219195,0.193305,0.195515,0.180636,0.204574,0.196735,0.186854,0.20176,0.185146,0.203491,0.215762,0.181051,0.201984,0.18894,0.177931,0.1924,0.192144,0.203804,0.201197,0.191137,0.203015,0.201268,0,0,0,0,,
1754.25,0.227598,0.220671,0.217646,0.22821,0.201374,0.216647,0.193765,0.19517,0.181637,0.20304,0.195417,0.184103,0.199173,0.183808,0.202299,0.214938,0.181297,0.199981,0.188049,0.177057,0.19259,0.191745,0.204858,0.200974,0.191659,0.20285,0.206862,0,0,0,0,,
1756.25,0.22752,0.217617,0.215605,0.227613,0.199881,0.215694,0.191183,0.194755,0.182216,0.203029,0.196015,0.18601,0.200778,0.183838,0.202002,0.214725,0.181182,0.199707,0.187708,0.177564,0.190901,0.192368,0.204369,0.20102,0.188723,0.204479,0.20684,0,0,0,0,,
1766.82,0.242148,0.239012,0.2356,0.250351,0.208211,0.221709,0.199102,0.201685,0.187615,0.210236,0.204555,0.194992,0.210915,0.195825,0.213028,0.245416,0.217178,0.225154,0.199979,0.186393,0.201866,0.205872,0.234478,0.253532,0.200938,0.21697,0.215184,1,0,0,0,1757.3," ""LED 5 s"""
1768.82,0.237835,0.236868,0.231582,0.243714,0.206494,0.218566,0.197785,0.200667,0.185105,0.207837,0.202136,0.192683,0.211373,0.197502,0.210414,0.239764,0.218529,0.225777,0.196293,0.182743,0.198796,0.205717,0.244148,0.249404,0.197915,0.218611,0.212846,0,0,0,0,,
1770.82,0.235438,0.229347,0.228258,0.239355,0.203236,0.214727,0.192729,0.198362,0.184402,0.205034,0.199021,0.191128,0.209309,0.200375,0.209864,0.232412,0.218633,0.222862,0.195262,0.180709,0.197408,0.204664,0.241681,0.240189,0.195051,0.215702,0.210083,0,0,0,0,,
1772.82,0.234307,0.227879,0.225648,0.235439,0.203485,0.215644,0.19428,0.198065,0.182646,0.205272,0.200453,0.189753,0.211644,0.203779,0.207738,0.225425,0.21733,0.218018,0.194192,0.18188,0.197274,0.20707,0.236698,0.231868,0.193605,0.215077,0.20988,0,0,0,0,,
1774.82,0.233069,0.223969,0.224899,0.230545,0.203322,0.215063,0.194081,0.195773,0.181945,0.20352,0.197666,0.190611,0.211171,0.206758,0.205281,0.220633,0.2137,0.210969,0.195535,0.181434,0.197878,0.207105,0.230442,0.224244,0.195763,0.212855,0.206806,0,0,0,0,,
1776.82,0.230743,0.224555,0.223959,0.230858,0.203177,0.2143,0.195006,0.197418,0.183428,0.205394,0.198886,0.190373,0.210048,0.208481,0.206883,0.217218,0.210079,0.209916,0.194604,0.181244,0.198563,0.20757,0.224578,0.220019,0.194958,0.212717,0.205433,0,0,0,0,,
1778.82,0.232121,0.222837,0.223583,0.227801,0.203585,0.214363,0.193382,0.198817,0.183742,0.205849,0.200002,0.191153,0.213034,0.20879,0.207917,0.213872,0.20421,0.207225,0.195074,0.181348,0.198642,0.206565,0.220553,0.216335,0.195327,0.211775,0.204755,0,0,0,0,,
1780.82,0.230414,0.219286,0.220836,0.227681,0.201668,0.213884,0.192004,0.195989,0.181414,0.203343,0.196772,0.188917,0.212572,0.207062,0.206859,0.210087,0.201004,0.205694,0.195743,0.180301,0.198087,0.205217,0.215102,0.211277,0.194232,0.208193,0.202451,0,0,0,0,,
1785.95,0.228953,0.221002,0.217959,0.22451,0.202225,0.214332,0.192152,0.196438,0.181373,0.203255,0.198536,0.186957,0.209661,0.204759,0.20908,0.206876,0.194075,0.20352,0.19798,0.180151,0.197793,0.201321,0.20804,0.20493,0.195374,0.205371,0.199288,0,0,0,0,,
1787.95,0.2279,0.216199,0.217786,0.225673,0.202974,0.215896,0.19386,0.196002,0.182837,0.204378,0.198559,0.188504,0.211649,0.201645,0.208956,0.20496,0.190821,0.202111,0.198038,0.179375,0.197508,0.200392,0.208975,0.203395,0.193632,0.20562,0.197537,0,0,0,0,,
1789.95,0.228809,0.218051,0.216147,0.2231,0.201428,0.215576,0.194152,0.196679,0.182358,0.205492,0.196834,0.187693,0.207652,0.196902,0.20836,0.205156,0.187759,0.198097,0.195407,0.179106,0.197185,0.199241,0.205597,0.203388,0.194463,0.202482,0.196265,0,0,0,0,,
1791.95,0.22327,0.217666,0.214793,0.223266,0.201628,0.212513,0.19157,0.196966,0.181752,0.204096,0.197998,0.186775,0.207538,0.197184,0.208682,0.20417,0.18657,0.199257,0.194956,0.177743,0.195881,0.198053,0.205966,0.201304,0.193288,0.203116,0.196621,0,0,0,0,,
1793.95,0.225218,0.21837,0.211915,0.222318,0.201203,0.212711,0.190558,0.198005,0.179581,0.205483,0.196614,0.188252,0.20588,0.192096,0.210151,0.20147,0.184326,0.197144,0.193772,0.176942,0.19743,0.196642,0.203913,0.2009,0.19283,0.201486,0.193966,0,0,0,0,,
1795.95,0.22902,0.216893,0.213089,0.224539,0.201911,0.212377,0.192436,0.196142,0.18089,0.205358,0.195952,0.188507,0.206095,0.191056,0.209616,0.202969,0.184422,0.199612,0.193652,0.178196,0.195614,0.195504,0.204126,0.200149,0.194262,0.20011,0.19468,0,0,0,0,,
1797.95,0.226404,0.216662,0.213672,0.225013,0.202348,0.213863,0.190931,0.198393,0.181114,0.204336,0.196753,0.187655,0.206776,0.188254,0.208264,0.202601,0.183778,0.197689,0.192506,0.178609,0.194872,0.194699,0.203214,0.200767,0.194304,0.200632,0.192731,0,0,0,0,,
1799.95,0.225276,0.215035,0.214365,0.226392,0.20113,0.214009,0.191501,0.196284,0.181217,0.20441,0.196714,0.188764,0.204921,0.18849,0.208154,0.201873,0.18241,0.198334,0.193678,0.177604,0.194744,0.194718,0.204208,0.199574,0.195475,0.201634,0.191768,0,0,0,0,,
1801.95,0.228426,0.217403,0.213966,0.225083,0.20183,0.213361,0.192432,0.196594,0.182384,0.203874,0.198196,0.188317,0.204889,0.186908,0.20988,0.201865,0.183068,0.198644,0.191557,0.181047,0.195801,0.195783,0.203615,0.199506,0.195506,0.203076,0.192016,0,0,0,0,,
1803.95,0.226646,0.216771,0.214418,0.227222,0.202441,0.213416,0.19188,0.195917,0.182649,0.20402,0.19761,0.188421,0.203983,0.186309,0.208674,0.201489,0.181404,0.198571,0.19241,0.178285,0.19407,0.193813,0.202529,0.199583,0.194538,0.200595,0.192562,0,0,0,0,,
1805.95,0.225872,0.216178,0.213454,0.224059,0.201908,0.211047,0.193389,0.195927,0.183282,0.205042,0.196763,0.188962,0.203266,0.186293,0.208023,0.201814,0.180131,0.197519,0.191005,0.179439,0.195625,0.194871,0.202436,0.199098,0.195709,0.202401,0.193069,0,0,0,0,,
1807.95,0.22581,0.216965,0.213696,0.222917,0.201706,0.213209,0.191826,0.197081,0.183227,0.204612,0.197332,0.188201,0.203374,0.184898,0.209015,0.20004,0.178903,0.198159,0.191594,0.17909,0.193085,0.193502,0.201926,0.199919,0.194343,0.20032,0.192545,0,0,0,0,,
1809.95,0.227754,0.216414,0.212942,0.224919,0.201614,0.213486,0.192688,0.195566,0.184096,0.20435,0.197377,0.187414,0.204044,0.185577,0.207459,0.200665,0.180688,0.198617,0.191758,0.179121,0.195077,0.19179,0.201342,0.198873,0.194609,0.201742,0.195314,0,0,0,0,,
1811.95,0.22643,0.216185,0.215277,0.223715,0.200909,0.214139,0.193077,0.196085,0.183691,0.204853,0.196153,0.186857,0.202912,0.185842,0.208042,0.201988,0.17916,0.198105,0.188865,0.178472,0.194618,0.194642,0.201949,0.197851,0.194853,0.204132,0.19391,0,0,0,0,,
1813.95,0.225125,0.216115,0.21669,0.224876,0.200408,0.212491,0.19344,0.196084,0.18285,0.204683,0.197972,0.18628,0.205352,0.185904,0.208428,0.20121,0.181535,0.197822,0.192554,0.179894,0.194995,0.191945,0.202673,0.198644,0.195067,0.203269,0.193872,0,0,0,0,,
1815.95,0.225733,0.215597,0.214804,0.225256,0.201756,0.2123,0.191841,0.195631,0.181459,0.205259,0.196889,0.186926,0.202946,0.185101,0.207586,0.200983,0.180598,0.198244,0.19069,0.176659,0.19497,0.19313,0.201821,0.198399,0.192984,0.202337,0.195061,0,0,0,0,,
1817.95,0.226274,0.215433,0.214589,0.222488,0.199764,0.211294,0.191799,0.19614,0.18171,0.204802,0.196029,0.184976,0.204475,0.184411,0.20817,0.201348,0.180176,0.199372,0.19028,0.178295,0.194447,0.191631,0.202533,0.198787,0.193836,0.202427,0.198264,0,0,0,0,,
1819.95,0.225719,0.217744,0.214858,0.224192,0.200857,0.212874,0.192308,0.198776,0.183278,0.204693,0.197384,0.188815,0.203513,0.187564,0.206505,0.201293,0.181109,0.199235,0.189567,0.178791,0.195708,0.191964,0.20143,0.197802,0.19478,0.20405,0.202616,0,0,0,0,,
1821.95,0.225748,0.216817,0.214412,0.223335,0.200476,0.212473,0.191407,0.195521,0.183463,0.204247,0.195699,0.187015,0.20254,0.184317,0.206367,0.20023,0.179832,0.197609,0.189188,0.176814,0.192347,0.191903,0.203658,0.197919,0.192722,0.203363,0.20477,0,0,0,0,,
1823.95,0.227165,0.217201,0.215972,0.224672,0.198765,0.210948,0.190496,0.19636,0.18336,0.204322,0.198019,0.188319,0.2022,0.184117,0.206145,0.201917,0.180518,0.197169,0.189862,0.178507,0.193689,0.191743,0.202082,0.198492,0.194,0.204757,0.20723,0,0,0,0,,
1825.95,0.224725,0.213934,0.214098,0.218255,0.20193,0.210296,0.192621,0.194676,0.183017,0.203621,0.195979,0.188386,0.202837,0.185801,0.205773,0.199194,0.18104,0.198293,0.188116,0.178379,0.194289,0.191064,0.20139,0.198283,0.194314,0.204674,0.209128,0,0,0,0,,
1827.95,0.220775,0.214873,0.213377,0.221837,0.199798,0.212182,0.192042,0.195183,0.182071,0.203902,0.19728,0.189734,0.202475,0.185359,0.204928,0.200608,0.18031,0.197715,0.187453,0.177571,0.194771,0.191137,0.201963,0.196399,0.193015,0.206046,0.208262,0,0,0,0,,
1829.95,0.224057,0.216114,0.21376,0.222591,0.201791,0.211753,0.19106,0.195136,0.181831,0.203413,0.1957,0.186454,0.20116,0.182051,0.204353,0.199994,0.181186,0.195744,0.187672,0.178252,0.191656,0.190443,0.199311,0.197049,0.193749,0.205349,0.205442,0,0,0,0,,
1831.95,0.228578,0.217661,0.214945,0.223187,0.201658,0.212769,0.192215,0.196084,0.183965,0.203404,0.197182,0.188027,0.203448,0.18328,0.205004,0.200679,0.180905,0.199059,0.187919,0.179077,0.194588,0.191395,0.201917,0.198393,0.194459,0.207487,0.205682,0,0,0,0,,
1833.95,0.224883,0.217192,0.214391,0.222214,0.201009,0.211887,0.191795,0.19517,0.181002,0.202839,0.1979,0.187452,0.201873,0.184698,0.204404,0.201301,0.183299,0.199648,0.188095,0.179144,0.193335,0.191257,0.201105,0.197148,0.194962,0.207885,0.203902,0,0,0,0,,
1835.95,0.224918,0.215069,0.212572,0.222093,0.201414,0.213389,0.191753,0.197858,0.182022,0.203364,0.197291,0.187295,0.202659,0.18314,0.204071,0.200635,0.182617,0.198195,0.188443,0.17772,0.193629,0.191692,0.201132,0.198102,0.195684,0.205992,0.205023,0,0,0,0,,
1837.95,0.227223,0.217795,0.215691,0.224607,0.199461,0.212199,0.190604,0.194358,0.180848,0.203141,0.196357,0.186899,0.202341,0.184387,0.203851,0.200233,0.180704,0.198126,0.189892,0.17733,0.194564,0.191682,0.200787,0.198602,0.194419,0.203697,0.203616,0,0,0,0,,
1839.95,0.226139,0.21557,0.212845,0.221642,0.19947,0.211075,0.190895,0.195786,0.180949,0.203803,0.195387,0.188263,0.202561,0.183504,0.202923,0.199576,0.179941,0.197494,0.186872,0.176128,0.193255,0.191922,0.200386,0.197612,0.194232,0.202325,0.201971,0,0,0,0,,
1841.95,0.228121,0.21768,0.214468,0.221798,0.201048,0.211817,0.193488,0.195365,0.18127,0.205137,0.197895,0.187072,0.202508,0.183817,0.20479,0.201957,0.181413,0.197863,0.189126,0.17919,0.191921,0.19228,0.201351,0.198392,0.195234,0.203706,0.201018,0,0,0,0,,
1843.95,0.229874,0.218357,0.217889,0.222328,0.202778,0.211586,0.193263,0.196598,0.182322,0.205272,0.19627,0.189193,0.204321,0.184703,0.204269,0.201676,0.182351,0.199467,0.190394,0.178647,0.194293,0.193736,0.202905,0.200168,0.194246,0.205859,0.201996,0,0,0,0,,
1845.95,0.227335,0.215289,0.212697,0.222512,0.20122,0.212063,0.192024,0.194841,0.183125,0.202823,0.197069,0.187918,0.203587,0.183777,0.202201,0.20054,0.182356,0.198898,0.188764,0.178782,0.195539,0.192348,0.202554,0.198701,0.194661,0.204597,0.199547,0,0,0,0,,
1847.95,0.226253,0.215859,0.212724,0.219531,0.20079,0.209251,0.192135,0.195114,0.182813,0.202295,0.196954,0.187177,0.201983,0.18414,0.20451,0.200885,0.181665,0.199098,0.188847,0.179381,0.193539,0.192427,0.202728,0.198173,0.195233,0.203101,0.201709,0,0,0,0,,
1849.95,0.226834,0.215227,0.215504,0.22025,0.200703,0.213387,0.189246,0.195502,0.180626,0.202544,0.19574,0.188933,0.202076,0.184753,0.20301,0.20068,0.181818,0.199867,0.186661,0.178518,0.193959,0.191774,0.202102,0.198275,0.192632,0.202665,0.199949,0,0,0,0,,
1851.95,0.225424,0.216693,0.215284,0.223936,0.201218,0.211879,0.192001,0.197,0.181485,0.203646,0.197689,0.186607,0.202989,0.182778,0.202783,0.20126,0.182308,0.198657,0.186579,0.180882,0.194153,0.194081,0.202311,0.198087,0.195802,0.203426,0.199348,0,0,0,0,,
1853.95,0.22441,0.216262,0.216119,0.222975,0.201785,0.212041,0.19045,0.195847,0.182538,0.203097,0.196865,0.189342,0.203927,0.183423,0.203054,0.200092,0.181619,0.19917,0.189397,0.178617,0.195624,0.193248,0.203853,0.197875,0.194807,0.202057,0.199398,0,0,0,0,,
1855.95,0.224588,0.21804,0.2131,0.221415,0.202026,0.211255,0.191262,0.196434,0.182129,0.205003,0.196628,0.186658,0.203951,0.184271,0.204291,0.20174,0.183439,0.199882,0.188103,0.178584,0.19317,0.192594,0.20384,0.19957,0.193888,0.200456,0.197595,0,0,0,0,,
1857.95,0.224319,0.217353,0.213153,0.21998,0.202252,0.212041,0.190764,0.194704,0.181584,0.201638,0.19767,0.18775,0.203193,0.185075,0.202601,0.200863,0.183391,0.198117,0.187505,0.180537,0.194595,0.19281,0.202644,0.199286,0.195724,0.199788,0.196796,0,0,0,0,,
1859.95,0.224151,0.214291,0.214497,0.221826,0.200707,0.213928,0.191378,0.1947,0.184938,0.204133,0.196581,0.18779,0.201299,0.183954,0.203144,0.200452,0.182096,0.200229,0.189353,0.179527,0.195902,0.192092,0.202669,0.198415,0.19531,0.198815,0.193129,0,0,0,0,,
1861.95,0.223756,0.214989,0.215486,0.222267,0.2013,0.211845,0.192574,0.196188,0.183514,0.204018,0.197074,0.186382,0.204444,0.184752,0.20341,0.198888,0.180261,0.199881,0.189728,0.18029,0.193958,0.194219,0.204492,0.199772,0.194246,0.199292,0.193489,0,0,0,0,,
1863.95,0.225233,0.214069,0.214964,0.220651,0.201938,0.210759,0.191747,0.196257,0.183181,0.204375,0.196811,0.187161,0.203287,0.184066,0.202145,0.200558,0.181743,0.1999,0.190268,0.179612,0.194629,0.193154,0.205466,0.199376,0.193038,0.199407,0.192892,0,0,0,0,,
1865.95,0.227165,0.215999,0.215409,0.22267,0.201721,0.210659,0.191863,0.196373,0.182792,0.202715,0.197825,0.188833,0.202947,0.185051,0.203235,0.201872,0.180576,0.199457,0.19036,0.180526,0.194591,0.192295,0.203364,0.200208,0.195414,0.199244,0.193213,0,0,0,0,,
1867.95,0.225832,0.213445,0.215668,0.218848,0.201329,0.21099,0.191434,0.19631,0.182659,0.203383,0.196639,0.186973,0.202664,0.183809,0.203323,0.201395,0.180263,0.199692,0.190533,0.178709,0.193512,0.193449,0.202877,0.199717,0.194653,0.1986,0.192512,0,0,0,0,,
1869.95,0.226285,0.215065,0.21651,0.218889,0.201005,0.213697,0.191775,0.195544,0.183156,0.203283,0.196735,0.186684,0.202259,0.184584,0.202522,0.201314,0.18153,0.199762,0.189932,0.177025,0.1926,0.191657,0.203401,0.199435,0.195031,0.198278,0.19188,0,0,0,0,,
1871.95,0.224048,0.214642,0.215135,0.222901,0.202841,0.211139,0.191675,0.196087,0.182915,0.203705,0.196817,0.187882,0.203244,0.184464,0.203016,0.200173,0.180983,0.199706,0.191092,0.180399,0.192684,0.193485,0.204807,0.200634,0.194429,0.19819,0.192295,0,0,0,0,,
1873.95,0.225247,0.21391,0.21335,0.221766,0.200682,0.211686,0.190924,0.196004,0.18305,0.20222,0.197151,0.188507,0.203298,0.183106,0.202626,0.200761,0.182682,0.19945,0.189199,0.17918,0.191952,0.191624,0.204053,0.19851,0.192395,0.198118,0.192394,0,0,0,0,,
1875.95,0.22547,0.213863,0.214062,0.219871,0.200219,0.210185,0.192615,0.19462,0.183156,0.204219,0.195474,0.188805,0.20212,0.185185,0.202538,0.199912,0.182442,0.199164,0.189448,0.179291,0.193647,0.191158,0.203002,0.199212,0.193029,0.199071,0.192618,0,0,0,0,,
1885.68,0.248519,0.241531,0.237768,0.25369,0.215202,0.226635,0.203812,0.208712,0.195076,0.21859,0.210805,0.213829,0.218557,0.203659,0.217323,0.219537,0.227166,0.234512,0.212524,0.194668,0.21252,0.210271,0.238455,0.221305,0.211194,0.224982,0.227195,1,0,0,0,1878.77," ""LED 5 s"""
1887.68,0.239834,0.230521,0.230026,0.241704,0.20694,0.216344,0.19478,0.200293,0.186271,0.207435,0.201267,0.226768,0.214153,0.197335,0.207515,0.215132,0.233932,0.228557,0.207354,0.185219,0.201596,0.203965,0.249034,0.219765,0.201696,0.221904,0.220375,0,0,0,0,,
1889.68,0.235304,0.226197,0.225951,0.235871,0.204666,0.215812,0.194229,0.197797,0.184418,0.206701,0.197551,0.22956,0.213777,0.198555,0.206595,0.215188,0.231857,0.222379,0.211866,0.183491,0.20067,0.204644,0.245984,0.235197,0.200687,0.221106,0.213966,0,0,0,0,,
1891.68,0.234637,0.222297,0.223171,0.230282,0.206568,0.213708,0.194292,0.198589,0.184276,0.208157,0.200194,0.226581,0.21651,0.204955,0.206499,0.219887,0.226158,0.218128,0.213992,0.183858,0.201251,0.207504,0.239815,0.243352,0.202794,0.217922,0.211453,0,0,0,0,,
1893.68,0.235412,0.221948,0.222021,0.227554,0.205642,0.211581,0.193476,0.198792,0.183962,0.207252,0.199721,0.218021,0.217042,0.202389,0.206235,0.223848,0.215403,0.212481,0.210178,0.183761,0.20257,0.20732,0.229788,0.238215,0.201709,0.215468,0.207228,0,0,0,0,,
1897.68,0.246344,0.235393,0.232589,0.248157,0.212775,0.221816,0.201139,0.205799,0.192493,0.215943,0.206835,0.217988,0.236525,0.216952,0.215385,0.246141,0.215909,0.217214,0.21613,0.192172,0.213174,0.218283,0.230498,0.236903,0.216111,0.224833,0.215095,0,0,0,0,1895.68,error
1899.68,0.237855,0.229123,0.228491,0.238573,0.20623,0.215096,0.196423,0.199168,0.188359,0.208344,0.201134,0.207787,0.240307,0.224291,0.209382,0.240103,0.208531,0.208549,0.207693,0.184814,0.208028,0.222494,0.221078,0.227982,0.210774,0.218575,0.210732,0,0,0,0,,
1901.68,0.239421,0.229004,0.226648,0.23463,0.207522,0.215501,0.195632,0.198681,0.18764,0.208253,0.201483,0.20069,0.23806,0.228177,0.210019,0.234329,0.205556,0.206778,0.204879,0.187337,0.212258,0.221935,0.217134,0.224276,0.217141,0.214822,0.208155,0,0,0,0,,
1903.68,0.232785,0.222488,0.225199,0.231381,0.205993,0.213616,0.195494,0.199188,0.186784,0.206806,0.19964,0.199445,0.233661,0.227548,0.208886,0.228412,0.201149,0.205451,0.20058,0.184655,0.213446,0.217059,0.215276,0.220669,0.221622,0.215112,0.208051,0,0,0,0,,
1905.68,0.23282,0.222786,0.221022,0.227838,0.206371,0.213532,0.192605,0.197887,0.185751,0.2062,0.200387,0.197123,0.230705,0.224017,0.207638,0.221229,0.195971,0.202772,0.199298,0.186876,0.212475,0.211017,0.210853,0.2161,0.221901,0.213892,0.204626,0,0,0,0,,
1907.68,0.231503,0.219083,0.218603,0.228777,0.204495,0.212109,0.193899,0.19804,0.185852,0.207148,0.199324,0.19373,0.225098,0.217234,0.207932,0.215754,0.194251,0.201855,0.196277,0.186414,0.213672,0.204731,0.210359,0.212481,0.217445,0.21018,0.201903,0,0,0,0,,
1909.68,0.229122,0.218426,0.217851,0.223931,0.203056,0.211666,0.192033,0.196463,0.183852,0.203888,0.198328,0.192446,0.219942,0.210411,0.205876,0.21205,0.191879,0.200651,0.193591,0.184094,0.20902,0.200102,0.206963,0.210961,0.214151,0.207832,0.201371,0,0,0,0,,
1911.68,0.230387,0.219409,0.216642,0.227808,0.204603,0.212629,0.192965,0.197212,0.186864,0.205036,0.198742,0.190249,0.216104,0.204969,0.206535,0.21045,0.190209,0.201095,0.191911,0.184765,0.208014,0.197424,0.206768,0.207669,0.209668,0.208502,0.200121,0,0,0,0,,
1913.68,0.23057,0.215871,0.216767,0.225239,0.204221,0.210932,0.193273,0.197362,0.186147,0.204883,0.199537,0.189409,0.214093,0.201591,0.207465,0.208745,0.189108,0.199848,0.18966,0.186277,0.206687,0.195202,0.207414,0.204816,0.206504,0.208331,0.199227,0,0,0,0,,
1915.68,0.227148,0.216088,0.215235,0.225449,0.203175,0.211356,0.192182,0.196861,0.18552,0.204413,0.197239,0.188184,0.211146,0.196606,0.206254,0.205301,0.186551,0.198838,0.189531,0.184916,0.203288,0.193857,0.204711,0.205619,0.202938,0.205757,0.200925,0,0,0,0,,
1917.68,0.225724,0.212438,0.215044,0.223693,0.203448,0.208854,0.192072,0.197011,0.185331,0.202968,0.197593,0.185599,0.209025,0.193531,0.20559,0.204053,0.186174,0.197272,0.189184,0.184178,0.198629,0.191337,0.205551,0.203079,0.199684,0.204452,0.19965,0,0,0,0,,
1919.68,0.226939,0.213024,0.216069,0.224722,0.202131,0.209591,0.192666,0.195289,0.182348,0.202759,0.19731,0.185343,0.20558,0.192423,0.204863,0.201336,0.184578,0.197076,0.189895,0.181344,0.197619,0.189013,0.202492,0.201049,0.196418,0.201964,0.198305,0,0,0,0,,
1921.68,0.225677,0.213546,0.213903,0.224658,0.203111,0.211573,0.191558,0.195987,0.183381,0.203521,0.196743,0.186092,0.205449,0.188583,0.205386,0.201825,0.183544,0.196842,0.186897,0.183882,0.197359,0.190319,0.20169,0.201062,0.193858,0.203978,0.197175,0,0,0,0,,
1923.68,0.226749,0.213667,0.215913,0.227539,0.203431,0.209234,0.191629,0.196487,0.184423,0.203552,0.198774,0.187474,0.204525,0.188605,0.207031,0.20102,0.184004,0.196993,0.188537,0.183021,0.19448,0.190703,0.204377,0.202798,0.196332,0.204618,0.196965,0,0,0,0,,
1925.68,0.225292,0.213565,0.216515,0.225617,0.203567,0.209723,0.191943,0.195106,0.182898,0.203525,0.196096,0.187038,0.203024,0.189435,0.206694,0.200743,0.183423,0.196825,0.187819,0.183367,0.196457,0.189766,0.203041,0.201401,0.193047,0.202227,0.198356,0,0,0,0,,
1927.68,0.226147,0.215352,0.216507,0.224204,0.204093,0.210849,0.191926,0.196381,0.182596,0.201923,0.196812,0.186839,0.203922,0.187131,0.207774,0.201975,0.18311,0.197377,0.188127,0.182521,0.195218,0.190035,0.203264,0.200384,0.193133,0.203109,0.197939,0,0,0,0,,
1929.68,0.227446,0.214476,0.214299,0.22323,0.202377,0.209347,0.190601,0.19511,0.183037,0.204646,0.196559,0.184363,0.204272,0.186271,0.208352,0.200771,0.182234,0.196468,0.187305,0.182366,0.193639,0.189513,0.202932,0.200691,0.191337,0.202059,0.196737,0,0,0,0,,
1931.68,0.227939,0.21329,0.213498,0.225786,0.203184,0.209959,0.190511,0.196191,0.183718,0.203474,0.196191,0.185694,0.203534,0.186487,0.207133,0.200536,0.182559,0.196653,0.188638,0.183806,0.192984,0.18958,0.202677,0.199679,0.192183,0.200504,0.197301,0,0,0,0,,
1933.68,0.226302,0.215337,0.214821,0.225236,0.202698,0.210668,0.191966,0.195839,0.182462,0.203836,0.196434,0.185002,0.202956,0.186544,0.207569,0.201522,0.18239,0.197873,0.187968,0.179264,0.193179,0.189221,0.201721,0.200396,0.192446,0.201304,0.197881,0,0,0,0,,
1935.68,0.228231,0.213392,0.216291,0.221083,0.202773,0.209339,0.190229,0.195241,0.181795,0.20279,0.196672,0.185586,0.203437,0.186146,0.207501,0.201204,0.183505,0.196248,0.188785,0.180475,0.192375,0.187182,0.202612,0.199976,0.192558,0.20021,0.196365,0,0,0,0,,
1937.68,0.226987,0.213759,0.216123,0.220281,0.202921,0.211216,0.192155,0.195173,0.183249,0.203143,0.196613,0.185021,0.203305,0.186816,0.20828,0.201548,0.183219,0.196609,0.187535,0.181623,0.194859,0.186852,0.201866,0.199401,0.191029,0.199265,0.197014,0,0,0,0,,
1939.68,0.227385,0.215262,0.213739,0.224762,0.204306,0.20993,0.192268,0.195821,0.182817,0.204032,0.195697,0.185233,0.204126,0.185703,0.205381,0.201848,0.183364,0.196855,0.188996,0.182447,0.193805,0.189004,0.203133,0.201065,0.192938,0.201487,0.196285,0,0,0,0,,
1941.68,0.224558,0.214862,0.211432,0.224454,0.204265,0.210579,0.189634,0.197103,0.182552,0.203223,0.196464,0.185267,0.202464,0.185699,0.207128,0.200705,0.182831,0.197519,0.189238,0.181957,0.193226,0.188162,0.202663,0.200933,0.191383,0.200163,0.200307,0,0,0,0,,
1943.68,0.224022,0.212893,0.21166,0.224574,0.202553,0.210661,0.191832,0.198059,0.181996,0.202875,0.194852,0.18486,0.202831,0.185468,0.206326,0.200669,0.179938,0.197737,0.190956,0.179158,0.192707,0.188077,0.203177,0.200455,0.191405,0.198264,0.19986,0,0,0,0,,
1945.68,0.223892,0.211665,0.210592,0.223421,0.202905,0.208578,0.190931,0.195385,0.18376,0.201923,0.195788,0.183779,0.200107,0.185289,0.205123,0.199252,0.181939,0.19686,0.187185,0.18039,0.192935,0.189186,0.20157,0.199527,0.191614,0.198375,0.201557,0,0,0,0,,
1947.68,0.225197,0.215519,0.21228,0.223432,0.202466,0.211592,0.190336,0.195022,0.181862,0.203059,0.194735,0.185715,0.202677,0.185226,0.205768,0.200815,0.180466,0.196648,0.187278,0.180547,0.192901,0.188936,0.201425,0.200835,0.191309,0.199002,0.201518,0,0,0,0,,
1949.68,0.222395,0.212203,0.209605,0.222169,0.203666,0.209018,0.190194,0.195517,0.183063,0.203231,0.195749,0.184366,0.202798,0.185969,0.204689,0.200161,0.181027,0.197015,0.188007,0.178823,0.192923,0.18954,0.20093,0.199576,0.191092,0.200919,0.20269,0,0,0,0,,
1951.68,0.223954,0.210615,0.213578,0.223607,0.205073,0.209963,0.19152,0.195035,0.184467,0.204408,0.196106,0.183675,0.202669,0.186132,0.20568,0.20096,0.183208,0.197952,0.189836,0.18167,0.19252,0.189566,0.202947,0.199941,0.192196,0.203192,0.204357,0,0,0,0,,
1953.68,0.222954,0.212978,0.2126,0.223184,0.203299,0.212067,0.191419,0.195008,0.183472,0.202805,0.195377,0.184934,0.201823,0.184445,0.204683,0.200727,0.182282,0.195755,0.189552,0.179822,0.192072,0.188536,0.201806,0.199586,0.191063,0.202832,0.200403,0,0,0,0,,
1955.68,0.225635,0.211385,0.21109,0.225197,0.20464,0.210775,0.193137,0.19611,0.184597,0.203543,0.196474,0.185305,0.202522,0.184074,0.205519,0.20087,0.182492,0.197014,0.189278,0.180047,0.191381,0.190268,0.202233,0.199155,0.192193,0.20363,0.203078,0,0,0,0,,
1957.68,0.223229,0.212358,0.210373,0.225039,0.201954,0.20905,0.190368,0.194933,0.181104,0.201906,0.19445,0.186589,0.20134,0.184377,0.202331,0.200316,0.18115,0.196543,0.188852,0.179179,0.191287,0.187585,0.200839,0.198819,0.191371,0.205046,0.201284,0,0,0,0,,
1959.68,0.224837,0.212675,0.215243,0.225939,0.203579,0.208666,0.190991,0.19589,0.182495,0.202418,0.196475,0.18367,0.203175,0.185182,0.205464,0.201074,0.180839,0.197676,0.189408,0.178221,0.192116,0.189656,0.201502,0.200077,0.192836,0.206945,0.202406,0,0,0,0,,
1961.68,0.226021,0.213183,0.217429,0.225168,0.204073,0.20992,0.192003,0.194514,0.184765,0.203624,0.196388,0.185541,0.202737,0.186821,0.204015,0.200753,0.183261,0.198232,0.190822,0.180749,0.191626,0.190792,0.201682,0.201555,0.19217,0.206964,0.203433,0,0,0,0,,
1963.68,0.224806,0.211734,0.215825,0.224318,0.203596,0.211495,0.190489,0.196255,0.185108,0.202285,0.194363,0.185748,0.202336,0.185578,0.203717,0.200244,0.182396,0.197785,0.18964,0.180377,0.193706,0.189382,0.20276,0.199979,0.192416,0.208983,0.204021,0,0,0,0,,
1965.68,0.22459,0.213344,0.217166,0.225819,0.203755,0.210139,0.193416,0.195445,0.185953,0.203281,0.196255,0.187058,0.202704,0.187929,0.204173,0.200923,0.182564,0.198581,0.188777,0.179011,0.191653,0.189792,0.200975,0.201337,0.192963,0.206711,0.202201,0,0,0,0,,
1967.68,0.225228,0.211389,0.218283,0.225596,0.205012,0.209994,0.192448,0.19587,0.184566,0.20318,0.197108,0.186673,0.202771,0.186815,0.203766,0.200808,0.183968,0.197622,0.18907,0.179458,0.192692,0.188851,0.202836,0.19958,0.191404,0.207107,0.204943,0,0,0,0,,
1969.68,0.227026,0.214547,0.21675,0.223815,0.204619,0.211943,0.192966,0.196004,0.184117,0.204247,0.196312,0.185352,0.203992,0.187497,0.204202,0.201508,0.183394,0.199382,0.19122,0.181307,0.194353,0.190916,0.202871,0.200943,0.193797,0.208731,0.205752,0,0,0,0,,
1971.68,0.225422,0.21296,0.216575,0.224774,0.203347,0.211211,0.191001,0.196849,0.183851,0.202816,0.196393,0.186454,0.2024,0.185442,0.204292,0.200804,0.182365,0.198322,0.18883,0.18097,0.193727,0.190719,0.202719,0.201396,0.192678,0.21219,0.205046,0,0,0,0,,
1973.68,0.227717,0.217154,0.216857,0.224632,0.203859,0.209866,0.192591,0.196522,0.183908,0.205075,0.197245,0.185272,0.201554,0.185849,0.204875,0.201053,0.183849,0.199844,0.188918,0.18094,0.195108,0.190253,0.202833,0.201408,0.191344,0.210167,0.203509,0,0,0,0,,
1975.68,0.225972,0.21571,0.216041,0.225375,0.202961,0.211823,0.191103,0.197759,0.184709,0.205497,0.196089,0.185921,0.203703,0.186602,0.206883,0.200918,0.183588,0.198621,0.189419,0.181604,0.194269,0.190253,0.204494,0.201565,0.193134,0.209341,0.203792,0,0,0,0,,
1977.68,0.226768,0.218853,0.215169,0.2234,0.202197,0.21113,0.191892,0.19712,0.182978,0.203097,0.19707,0.186184,0.202402,0.186252,0.205998,0.201377,0.184821,0.199228,0.191425,0.181552,0.193093,0.189754,0.20372,0.201711,0.193222,0.207343,0.202929,0,0,0,0,,
1979.68,0.227602,0.216175,0.214208,0.224173,0.20206,0.210197,0.193699,0.196046,0.182109,0.203186,0.196572,0.183737,0.202233,0.186555,0.204734,0.201313,0.183151,0.199196,0.189825,0.180518,0.192516,0.189553,0.203921,0.200313,0.192472,0.205961,0.201576,0,0,0,0,,
1981.68,0.227768,0.216486,0.213392,0.222469,0.201141,0.212226,0.191791,0.195779,0.18295,0.202503,0.19502,0.185446,0.202315,0.186225,0.205354,0.19979,0.182181,0.197792,0.189658,0.179052,0.19166,0.190945,0.20319,0.199352,0.191259,0.206186,0.200619,0,0,0,0,,
1983.68,0.226862,0.214493,0.215892,0.222854,0.202726,0.209649,0.192592,0.195075,0.181386,0.202092,0.196067,0.185333,0.201773,0.184408,0.203775,0.199142,0.184043,0.198154,0.188394,0.179315,0.192042,0.191923,0.203358,0.200357,0.192253,0.204777,0.200033,0,0,0,0,,
1985.68,0.228614,0.215065,0.214499,0.223771,0.203736,0.210773,0.193703,0.19698,0.183425,0.202735,0.197872,0.185792,0.202422,0.186152,0.205411,0.201282,0.183406,0.200914,0.189578,0.180959,0.195283,0.192532,0.20346,0.201822,0.193687,0.205434,0.202588,0,0,0,0,,
1987.68,0.225201,0.211085,0.21534,0.224367,0.203456,0.209332,0.189216,0.197979,0.184471,0.200988,0.19749,0.18601,0.202199,0.187327,0.205698,0.202043,0.184966,0.200306,0.190421,0.180345,0.194773,0.192151,0.205096,0.201321,0.193435,0.203819,0.198545,0,0,0,0,,
1990.03,0.228663,0.213109,0.215722,0.222819,0.203218,0.211739,0.192414,0.197597,0.182956,0.204344,0.196996,0.185381,0.203117,0.186874,0.20705,0.202478,0.183996,0.200378,0.190273,0.18082,0.193846,0.193959,0.206691,0.201639,0.19422,0.205296,0.198919,1,0,0,0,1990.03," ""LED 5 s"""
1998.12,0.243166,0.237196,0.235179,0.249945,0.21241,0.220521,0.199594,0.205828,0.193352,0.21236,0.206949,0.197153,0.211122,0.197884,0.216071,0.211342,0.20158,0.2235,0.202847,0.188828,0.205898,0.206383,0.249275,0.219559,0.202628,0.218552,0.212715,0,0,0,0,,
2000.12,0.240044,0.230557,0.229537,0.242268,0.20724,0.214492,0.197684,0.202178,0.189509,0.208777,0.203377,0.19247,0.20777,0.195822,0.212533,0.21137,0.203988,0.227952,0.201025,0.18696,0.202721,0.208162,0.251956,0.22609,0.200259,0.21691,0.211934,0,0,0,0,,
2002.12,0.234247,0.223715,0.2262,0.235197,0.206525,0.212082,0.194665,0.199762,0.189999,0.207096,0.201792,0.193532,0.205246,0.192987,0.208542,0.208879,0.220771,0.222023,0.201116,0.182293,0.200387,0.210073,0.242654,0.236761,0.197688,0.217695,0.213049,0,0,0,0,,
2004.12,0.232008,0.222001,0.223219,0.22987,0.205362,0.213527,0.192615,0.200132,0.18801,0.206723,0.201086,0.192123,0.205383,0.193154,0.208888,0.210067,0.2267,0.218082,0.201853,0.183584,0.200073,0.211538,0.237374,0.239956,0.197999,0.218227,0.208569,0,0,0,0,,
2006.12,0.23097,0.216818,0.221908,0.22881,0.205378,0.212893,0.193611,0.199957,0.18818,0.205298,0.200053,0.192225,0.206198,0.193048,0.209753,0.210779,0.224765,0.211327,0.204564,0.182567,0.201142,0.212679,0.229081,0.236419,0.197935,0.216583,0.207452,0,0,0,0,,
2008.12,0.229186,0.215325,0.219691,0.227932,0.204936,0.214533,0.193516,0.199228,0.189566,0.206392,0.199966,0.191396,0.206853,0.193441,0.209992,0.209365,0.21904,0.210113,0.205371,0.18535,0.201714,0.212297,0.226787,0.230295,0.197905,0.214353,0.208762,0,0,0,0,,
2010.12,0.229846,0.212413,0.21663,0.226891,0.204284,0.212663,0.194013,0.199711,0.186745,0.205874,0.199364,0.191823,0.204717,0.191603,0.207663,0.210373,0.214259,0.207296,0.207093,0.183873,0.197883,0.210309,0.220731,0.223869,0.198314,0.213183,0.206459,0,0,0,0,,
2012.12,0.227785,0.209582,0.216649,0.226506,0.20392,0.213461,0.193564,0.198445,0.188682,0.204483,0.199779,0.190594,0.205385,0.193109,0.208173,0.209924,0.208661,0.204058,0.207796,0.183623,0.198213,0.208388,0.218058,0.21851,0.197551,0.21291,0.204468,0,0,0,0,,
2014.12,0.226115,0.207366,0.216387,0.223667,0.205311,0.21311,0.191519,0.198797,0.186926,0.20491,0.198566,0.188964,0.204439,0.188546,0.208758,0.211314,0.204933,0.202969,0.206959,0.181647,0.198749,0.205357,0.215406,0.216096,0.196347,0.210574,0.205123,0,0,0,0,,
2016.12,0.22717,0.209565,0.215678,0.226908,0.204719,0.211708,0.19205,0.200535,0.187862,0.20518,0.200366,0.18956,0.205253,0.191172,0.209626,0.211493,0.200699,0.2025,0.206266,0.18326,0.199722,0.205287,0.212991,0.211929,0.198016,0.210079,0.204421,0,0,0,0,,
2018.12,0.226201,0.208981,0.215748,0.225968,0.203862,0.212479,0.193453,0.200922,0.187434,0.204064,0.199572,0.19097,0.202857,0.19251,0.208497,0.212861,0.198601,0.20083,0.205125,0.182692,0.199401,0.203594,0.210391,0.211512,0.197184,0.209193,0.204519,0,0,0,0,,
2020.12,0.226027,0.210482,0.214428,0.225155,0.203462,0.211445,0.193184,0.201041,0.187717,0.203706,0.200134,0.190472,0.204103,0.191674,0.207914,0.214677,0.195418,0.201939,0.203504,0.182348,0.198379,0.201501,0.208723,0.208748,0.197071,0.209029,0.205003,0,0,0,0,,
2022.12,0.225425,0.209725,0.21675,0.221144,0.204627,0.213982,0.192245,0.201362,0.185832,0.204523,0.198945,0.189964,0.204876,0.189656,0.2067,0.215495,0.194803,0.199558,0.205782,0.181432,0.198432,0.199527,0.206818,0.206897,0.196074,0.208134,0.206125,0,0,0,0,,
2024.12,0.226834,0.208158,0.215795,0.221985,0.203915,0.210821,0.191534,0.200119,0.187128,0.204225,0.20081,0.19037,0.205001,0.190212,0.207078,0.216876,0.192585,0.199946,0.200695,0.182689,0.19849,0.198434,0.20583,0.20463,0.196287,0.207943,0.203573,0,0,0,0,,
2026.12,0.224685,0.209263,0.215424,0.223329,0.204117,0.213167,0.192168,0.198683,0.18635,0.204424,0.202458,0.18841,0.205624,0.188682,0.205859,0.21809,0.190901,0.200338,0.199948,0.179785,0.197727,0.198362,0.205212,0.203935,0.195479,0.208406,0.200286,0,0,0,0,,
2028.12,0.225858,0.211581,0.212669,0.22497,0.203326,0.211889,0.19249,0.199799,0.18668,0.203666,0.204504,0.190266,0.202554,0.189299,0.205006,0.219048,0.189477,0.198821,0.199522,0.181088,0.196768,0.19622,0.204998,0.203355,0.194888,0.207492,0.201569,0,0,0,0,,
2030.12,0.224252,0.211886,0.213712,0.223236,0.202797,0.214025,0.193225,0.200471,0.186431,0.204313,0.204954,0.190913,0.204405,0.189102,0.204866,0.220195,0.188757,0.200572,0.198251,0.180999,0.19793,0.196718,0.204906,0.204212,0.196947,0.207359,0.202296,0,0,0,0,,
2032.12,0.224599,0.214663,0.213327,0.221309,0.202332,0.212964,0.194282,0.198919,0.185774,0.204785,0.205152,0.189642,0.204465,0.188647,0.204576,0.218475,0.189246,0.199581,0.195069,0.182996,0.196777,0.196719,0.205004,0.202856,0.196534,0.203939,0.199694,0,0,0,0,,
2034.12,0.224554,0.212697,0.212352,0.222216,0.203121,0.211106,0.192582,0.200698,0.185715,0.203597,0.204302,0.189087,0.204346,0.190273,0.205087,0.219714,0.186493,0.199673,0.195526,0.181905,0.195307,0.194956,0.204876,0.202517,0.194653,0.207282,0.200096,0,0,0,0,,
2036.12,0.225392,0.211193,0.210028,0.221277,0.201423,0.212147,0.191905,0.198264,0.185184,0.204323,0.201978,0.188583,0.203135,0.187979,0.203548,0.219069,0.185471,0.198643,0.193209,0.181792,0.195451,0.195241,0.204816,0.203996,0.19478,0.204004,0.197641,0,0,0,0,,
2038.12,0.228991,0.216258,0.214771,0.226191,0.205742,0.216504,0.196026,0.201577,0.18839,0.207294,0.205627,0.19189,0.207744,0.190792,0.208909,0.222466,0.188405,0.201613,0.195399,0.185552,0.200796,0.199387,0.207934,0.206343,0.19842,0.208276,0.200897,0,0,0,0,,
2040.12,0.230645,0.21912,0.219535,0.226534,0.2095,0.222384,0.199441,0.205495,0.19165,0.212084,0.20954,0.192555,0.21085,0.193697,0.212044,0.222928,0.192321,0.206275,0.200973,0.189273,0.206094,0.202403,0.210481,0.20865,0.203334,0.213347,0.206615,0,0,0,0,,
2042.12,0.230374,0.215549,0.215682,0.224416,0.207905,0.217446,0.197875,0.203766,0.190839,0.209341,0.207668,0.193331,0.210581,0.192617,0.209366,0.220942,0.192004,0.206613,0.198906,0.187169,0.203916,0.20018,0.210484,0.207194,0.200585,0.211382,0.20409,0,0,0,0,,
2044.12,0.229901,0.216181,0.216266,0.227719,0.208408,0.219696,0.199447,0.20334,0.190318,0.210358,0.20775,0.193106,0.20971,0.194413,0.210229,0.219645,0.19367,0.205523,0.198459,0.188369,0.202158,0.200475,0.209345,0.207498,0.202815,0.212957,0.203196,0,0,0,0,,
2046.12,0.229792,0.213562,0.216206,0.229778,0.20854,0.217864,0.197039,0.203081,0.190014,0.209727,0.205788,0.192088,0.209429,0.193277,0.210123,0.217327,0.191046,0.204081,0.198215,0.186377,0.203439,0.201199,0.209754,0.207054,0.201647,0.210501,0.202491,0,0,0,0,,
2048.12,0.228791,0.214709,0.215268,0.22679,0.207749,0.21624,0.196634,0.202852,0.190491,0.210123,0.205653,0.192828,0.209969,0.19285,0.207416,0.21584,0.189799,0.206347,0.198133,0.187318,0.202851,0.199159,0.208955,0.206709,0.201313,0.210331,0.20277,0,0,0,0,,
2050.12,0.230385,0.213602,0.213761,0.223835,0.209481,0.215943,0.198911,0.202598,0.190758,0.209022,0.206465,0.193823,0.210356,0.194022,0.208942,0.213651,0.188779,0.206014,0.197015,0.187522,0.200973,0.199859,0.208634,0.208202,0.201848,0.210891,0.2012,0,0,0,0,,
2052.12,0.231352,0.214157,0.212028,0.223883,0.209288,0.218942,0.198558,0.202595,0.190692,0.209586,0.205848,0.1941,0.211609,0.194002,0.209686,0.213656,0.191474,0.207142,0.197448,0.188747,0.204049,0.199139,0.210077,0.207262,0.204931,0.209902,0.202314,0,0,0,0,,
2054.12,0.228718,0.211993,0.211461,0.222204,0.208123,0.218262,0.19841,0.202588,0.189212,0.208155,0.203183,0.193357,0.207657,0.192581,0.20785,0.212286,0.188219,0.202865,0.196855,0.186449,0.20289,0.1997,0.209122,0.206918,0.201368,0.210223,0.19926,0,0,0,0,,
2056.12,0.229439,0.212768,0.214411,0.22249,0.209109,0.219272,0.198082,0.203415,0.189799,0.209197,0.204221,0.194565,0.210417,0.193898,0.208511,0.212213,0.190933,0.206177,0.197709,0.188432,0.201894,0.200552,0.209561,0.206146,0.20131,0.208969,0.201822,0,0,0,0,,
2058.12,0.229199,0.212515,0.213005,0.225834,0.208026,0.218127,0.1976,0.204229,0.189914,0.209124,0.204321,0.195493,0.208234,0.194802,0.208786,0.211141,0.191036,0.203814,0.196454,0.186065,0.201666,0.199026,0.209257,0.207653,0.199887,0.210393,0.199966,0,0,0,0,,
2060.12,0.230858,0.212718,0.215613,0.225378,0.208918,0.216509,0.197795,0.203342,0.190988,0.209132,0.204034,0.1948,0.210473,0.193938,0.208068,0.21092,0.191548,0.205956,0.197386,0.186433,0.200421,0.199778,0.209168,0.20654,0.201734,0.210133,0.201741,0,0,0,0,,
2062.12,0.228676,0.214801,0.215368,0.225529,0.208107,0.216158,0.197525,0.203271,0.189003,0.209595,0.20431,0.194653,0.209255,0.195396,0.208242,0.210288,0.190713,0.205475,0.195085,0.187759,0.199733,0.200273,0.208792,0.207302,0.199499,0.208372,0.200921,0,0,0,0,,
2064.12,0.230108,0.213765,0.215231,0.22468,0.209505,0.218612,0.197328,0.204338,0.190414,0.209791,0.204945,0.195943,0.210272,0.193241,0.209468,0.211406,0.189393,0.205368,0.19699,0.187243,0.202622,0.200396,0.20959,0.208228,0.202716,0.209785,0.203094,0,0,0,0,,
2066.12,0.22986,0.215479,0.213683,0.224099,0.208629,0.217259,0.198294,0.203171,0.190178,0.210004,0.204566,0.193031,0.208772,0.192948,0.208251,0.2097,0.188941,0.204629,0.19689,0.187231,0.200916,0.199733,0.209215,0.207766,0.20063,0.206869,0.201486,0,0,0,0,,
2068.12,0.228933,0.215587,0.215358,0.222605,0.208777,0.218059,0.198817,0.202882,0.190579,0.209556,0.203984,0.195008,0.210354,0.194168,0.208157,0.211327,0.190083,0.205404,0.196659,0.188068,0.204042,0.203385,0.209754,0.2073,0.202472,0.207851,0.203794,0,0,0,0,,
2070.12,0.226969,0.214736,0.212588,0.223659,0.209168,0.218987,0.198677,0.202655,0.190705,0.209417,0.202623,0.194204,0.209053,0.19286,0.208827,0.210725,0.190507,0.203494,0.196585,0.187684,0.203206,0.201906,0.209331,0.206693,0.200289,0.207253,0.203873,0,0,0,0,,
2072.12,0.229714,0.216,0.212465,0.225352,0.20738,0.216941,0.199858,0.202751,0.18924,0.209549,0.203483,0.193371,0.210582,0.194625,0.208018,0.209446,0.188611,0.204242,0.19773,0.187081,0.203322,0.201172,0.21033,0.207121,0.201315,0.20951,0.201528,0,0,0,0,,
2074.12,0.229784,0.213275,0.216577,0.223395,0.208691,0.220371,0.199162,0.203572,0.190912,0.210204,0.204253,0.19501,0.209283,0.193836,0.209907,0.209298,0.190193,0.203428,0.19726,0.18655,0.202232,0.203422,0.209449,0.207887,0.203592,0.208905,0.203647,0,0,0,0,,
2076.12,0.229873,0.21026,0.213538,0.220552,0.207432,0.215892,0.19902,0.203709,0.18848,0.208928,0.202908,0.192147,0.209533,0.192541,0.206763,0.20906,0.190577,0.204571,0.198455,0.18694,0.199701,0.202371,0.208577,0.206513,0.201275,0.20731,0.203959,0,0,0,0,,
2078.12,0.230662,0.211782,0.215199,0.224108,0.208302,0.217873,0.199133,0.204594,0.189468,0.209363,0.203135,0.195878,0.208967,0.194007,0.208153,0.20972,0.189075,0.203792,0.198951,0.187781,0.202759,0.201548,0.209859,0.207393,0.202838,0.210978,0.205797,0,0,0,0,,
2080.12,0.229696,0.212667,0.216598,0.225353,0.207051,0.218104,0.195942,0.202579,0.189198,0.207728,0.204443,0.193571,0.208165,0.193501,0.209059,0.208626,0.190331,0.205437,0.195727,0.187639,0.199662,0.201126,0.21052,0.20651,0.20217,0.210381,0.206402,0,0,0,0,,
2082.12,0.229659,0.211781,0.213387,0.225179,0.206636,0.216697,0.197344,0.202978,0.189461,0.210904,0.208524,0.194689,0.210169,0.192177,0.208585,0.209293,0.190225,0.204859,0.195965,0.189161,0.200078,0.202013,0.210176,0.207069,0.201996,0.20902,0.210577,0,0,0,0,,
2084.12,0.226795,0.210949,0.213502,0.222209,0.208241,0.216591,0.195335,0.202411,0.189453,0.207727,0.208485,0.194013,0.209205,0.192657,0.207378,0.208146,0.188818,0.20391,0.19476,0.186774,0.198164,0.201218,0.210923,0.206342,0.20203,0.210557,0.20981,0,0,0,0,,
2086.12,0.228921,0.210954,0.215519,0.221641,0.207955,0.217428,0.198349,0.202401,0.190941,0.207926,0.211196,0.193314,0.212404,0.192792,0.207616,0.20778,0.191311,0.206074,0.197495,0.18776,0.199923,0.200685,0.210224,0.208069,0.20238,0.210991,0.211829,0,0,0,0,,
2088.12,0.228253,0.209877,0.212546,0.220503,0.206983,0.217402,0.195986,0.202595,0.188593,0.207845,0.212654,0.194765,0.209201,0.195156,0.206843,0.209787,0.19154,0.204998,0.19612,0.189204,0.201306,0.201932,0.209758,0.208492,0.202882,0.212836,0.210815,0,0,0,0,,
2090.12,0.228205,0.209479,0.212577,0.222959,0.207299,0.216975,0.1985,0.201851,0.189131,0.209175,0.21616,0.193897,0.211142,0.194082,0.207835,0.208291,0.189276,0.206014,0.196987,0.187203,0.202027,0.201233,0.210007,0.207163,0.202318,0.213533,0.209958,0,0,0,0,,
2092.12,0.228186,0.208512,0.21515,0.22252,0.20793,0.217042,0.197908,0.202462,0.189706,0.207394,0.221363,0.193352,0.210221,0.19375,0.208454,0.209648,0.190164,0.206159,0.197376,0.185881,0.200825,0.199971,0.210964,0.207243,0.203704,0.214396,0.211603,0,0,0,0,,
2094.12,0.225734,0.208493,0.212843,0.223235,0.208716,0.21669,0.196718,0.202886,0.189958,0.209348,0.225779,0.195527,0.210329,0.194129,0.207893,0.208616,0.189782,0.206167,0.195808,0.186963,0.202454,0.200031,0.209929,0.208644,0.20308,0.214619,0.208261,0,0,0,0,,
2096.12,0.228282,0.20708,0.214091,0.223011,0.208045,0.218183,0.19788,0.203146,0.190554,0.21095,0.225406,0.194176,0.208841,0.194442,0.209526,0.208697,0.192944,0.206421,0.197409,0.187922,0.201797,0.198843,0.211819,0.207254,0.20346,0.215062,0.207187,0,0,0,0,,
2098.12,0.226821,0.206774,0.215734,0.223608,0.209337,0.21662,0.196846,0.202644,0.189814,0.210589,0.225174,0.19223,0.210342,0.194254,0.208575,0.208976,0.190303,0.206224,0.197806,0.18638,0.201901,0.202232,0.211725,0.208577,0.202697,0.21513,0.207219,0,0,0,0,,
2100.12,0.227518,0.20625,0.215745,0.226538,0.208733,0.219551,0.197577,0.202469,0.190669,0.210356,0.230861,0.19563,0.209166,0.196062,0.209888,0.210193,0.18933,0.206168,0.196077,0.189011,0.20338,0.20185,0.212666,0.209014,0.204545,0.214708,0.208071,0,0,0,0,,
2102.12,0.227833,0.207129,0.217144,0.226581,0.208869,0.21803,0.199099,0.203669,0.190672,0.21001,0.233021,0.194796,0.210164,0.193352,0.21034,0.210126,0.191613,0.207075,0.196783,0.18876,0.203659,0.202014,0.211042,0.208899,0.205956,0.21506,0.206106,0,0,0,0,,
2104.12,0.227807,0.207562,0.215209,0.222811,0.208052,0.217113,0.198699,0.203626,0.18854,0.210764,0.229912,0.195193,0.211219,0.195897,0.208814,0.208379,0.19193,0.20631,0.198083,0.188412,0.201856,0.20178,0.212667,0.208833,0.204324,0.215732,0.208633,0,0,0,0,,
2106.12,0.226553,0.208556,0.215666,0.224612,0.209373,0.216091,0.197722,0.201933,0.188118,0.211475,0.227222,0.193928,0.209062,0.194453,0.209376,0.208092,0.190781,0.206235,0.197977,0.186742,0.201426,0.199555,0.212318,0.207989,0.203137,0.214113,0.20746,0,0,0,0,,
2108.12,0.228822,0.207569,0.216969,0.225952,0.20852,0.218947,0.197588,0.203759,0.192071,0.212532,0.226929,0.195342,0.210976,0.194046,0.209146,0.208726,0.191903,0.207372,0.199116,0.188835,0.202488,0.201036,0.214117,0.209835,0.2042,0.218033,0.206068,0,0,0,0,,
2110.12,0.226271,0.209844,0.215811,0.220479,0.208764,0.219165,0.198825,0.203193,0.18931,0.21089,0.222643,0.194135,0.21047,0.196295,0.209188,0.210435,0.19226,0.206766,0.200117,0.190274,0.202723,0.2012,0.213205,0.210491,0.206267,0.215371,0.20843,1,0,0,0,2109.64," ""LED 5 s"""
2119.28,0.243764,0.239241,0.231595,0.245458,0.20986,0.220479,0.201802,0.205003,0.190747,0.211385,0.215437,0.204119,0.213096,0.202476,0.21052,0.222479,0.204085,0.229173,0.206272,0.192095,0.208038,0.224488,0.245518,0.256332,0.210863,0.221483,0.212856,0,0,0,0,,
2121.28,0.237599,0.231379,0.228036,0.23775,0.207373,0.21644,0.195477,0.201478,0.188703,0.207773,0.211054,0.208643,0.212287,0.20416,0.207226,0.232813,0.214954,0.228359,0.206094,0.187596,0.208369,0.228376,0.248257,0.251972,0.209403,0.217504,0.212954,0,0,0,0,,
2123.28,0.236501,0.224783,0.22637,0.230587,0.206647,0.213694,0.196298,0.201761,0.186829,0.207992,0.20828,0.217182,0.211531,0.210572,0.206336,0.238773,0.223019,0.22493,0.208621,0.187175,0.206898,0.229074,0.242569,0.243634,0.209537,0.216424,0.210391,0,0,0,0,,
2125.28,0.231964,0.220919,0.220713,0.225013,0.205321,0.212622,0.194652,0.199187,0.185671,0.205712,0.205958,0.220446,0.209564,0.217055,0.206071,0.233174,0.223917,0.217608,0.208034,0.187692,0.209676,0.223781,0.234336,0.232876,0.210825,0.214319,0.20636,0,0,0,0,,
2127.34,0.231803,0.220778,0.220361,0.227228,0.207098,0.214092,0.195334,0.198279,0.185767,0.20743,0.205761,0.219745,0.208876,0.219096,0.205662,0.227913,0.222374,0.2136,0.208438,0.186948,0.209843,0.218655,0.228406,0.227119,0.212188,0.214026,0.20576,0,0,0,0,,
2129.34,0.22995,0.215482,0.22113,0.225549,0.206355,0.212112,0.192939,0.201526,0.187497,0.206462,0.20326,0.215624,0.209537,0.218716,0.205235,0.223322,0.219432,0.209172,0.209442,0.187657,0.21075,0.210428,0.224983,0.221979,0.21344,0.212758,0.202872,0,0,0,0,,
2131.34,0.229327,0.213899,0.218463,0.228971,0.206031,0.212787,0.195016,0.199446,0.187715,0.206602,0.203071,0.21048,0.209901,0.217928,0.205341,0.219354,0.212888,0.206838,0.20766,0.187276,0.210318,0.204962,0.219262,0.217098,0.217805,0.212118,0.202485,0,0,0,0,,
2133.34,0.229144,0.210659,0.217157,0.226666,0.206087,0.211891,0.194208,0.19922,0.188956,0.205992,0.202146,0.205244,0.208145,0.213901,0.205764,0.213907,0.210756,0.204464,0.208383,0.188394,0.210281,0.203982,0.216005,0.212351,0.218346,0.209422,0.200174,0,0,0,0,,
2135.34,0.225798,0.207764,0.21501,0.220474,0.20443,0.212776,0.191644,0.197857,0.187612,0.203721,0.200966,0.204566,0.20939,0.211852,0.204971,0.210913,0.207624,0.20262,0.205866,0.184838,0.207068,0.207172,0.213232,0.210295,0.216865,0.208691,0.197879,0,0,0,0,,
2137.34,0.2276,0.20654,0.215834,0.220781,0.205781,0.211787,0.193244,0.198464,0.188899,0.203366,0.200463,0.199238,0.208119,0.208904,0.206597,0.209419,0.205,0.201922,0.204702,0.187497,0.207433,0.216497,0.210424,0.20973,0.217134,0.209123,0.196913,0,0,0,0,,
2139.34,0.227557,0.207091,0.216059,0.218725,0.205532,0.212166,0.195067,0.198828,0.187976,0.205612,0.201279,0.195894,0.209503,0.206394,0.206234,0.208448,0.202981,0.200929,0.202019,0.18592,0.206568,0.220029,0.208834,0.208739,0.213826,0.205827,0.195274,0,0,0,0,,
2141.63,0.226326,0.207378,0.214991,0.219389,0.206685,0.213124,0.193368,0.199044,0.188368,0.204892,0.200696,0.194521,0.207795,0.201648,0.205288,0.207254,0.200906,0.200983,0.202227,0.187921,0.20553,0.218934,0.207452,0.206551,0.210828,0.206413,0.195029,0,0,0,0,,
2143.63,0.225031,0.210086,0.211466,0.218598,0.205402,0.211256,0.193212,0.198402,0.186153,0.204213,0.199289,0.192707,0.207835,0.19863,0.205897,0.205813,0.19757,0.200964,0.198923,0.186583,0.202032,0.216577,0.206129,0.204236,0.207455,0.203268,0.192495,0,0,0,0,,
2145.63,0.224403,0.207517,0.211355,0.218274,0.205014,0.210864,0.193151,0.198428,0.186328,0.205308,0.1979,0.192086,0.206565,0.197622,0.205933,0.205577,0.194648,0.200539,0.196329,0.186574,0.199982,0.211385,0.206549,0.204769,0.204363,0.20444,0.191858,0,0,0,0,,
2147.63,0.223788,0.208489,0.209043,0.217222,0.204691,0.211529,0.193038,0.197737,0.184731,0.20243,0.197009,0.190139,0.206,0.191712,0.205162,0.202696,0.193378,0.199377,0.195379,0.185423,0.199814,0.204963,0.204266,0.203125,0.202299,0.201605,0.190102,0,0,0,0,,
2149.63,0.223764,0.209544,0.207504,0.218655,0.204809,0.210243,0.193346,0.198258,0.186679,0.203652,0.199383,0.190149,0.206908,0.191425,0.205001,0.203791,0.192573,0.200129,0.195965,0.186991,0.200178,0.204841,0.205722,0.202097,0.201268,0.202372,0.190886,0,0,0,0,,
2151.63,0.222397,0.210723,0.20999,0.219512,0.204324,0.212536,0.192223,0.198156,0.186021,0.203222,0.198741,0.190409,0.20508,0.191424,0.204698,0.20297,0.190458,0.199995,0.195383,0.186011,0.200613,0.209661,0.204771,0.203139,0.200505,0.200425,0.19121,0,0,0,0,,
2153.63,0.2246,0.2096,0.210953,0.220841,0.20494,0.209492,0.194585,0.198122,0.185184,0.203447,0.198043,0.189944,0.204824,0.189721,0.205247,0.203818,0.189911,0.201439,0.194958,0.187611,0.199938,0.215095,0.205174,0.20456,0.198767,0.201114,0.191488,0,0,0,0,,
2155.63,0.223125,0.209302,0.208783,0.217325,0.202758,0.212802,0.19362,0.197745,0.18487,0.202068,0.196135,0.188635,0.205088,0.189977,0.204239,0.201892,0.18935,0.200744,0.193148,0.18583,0.19924,0.214739,0.203357,0.201377,0.198309,0.202577,0.192494,0,0,0,0,,
2157.63,0.223176,0.210622,0.207074,0.215506,0.20229,0.211368,0.193571,0.19722,0.184214,0.201718,0.198423,0.189626,0.205225,0.188127,0.204362,0.20212,0.187124,0.201799,0.194533,0.184609,0.197435,0.214328,0.205253,0.201633,0.194538,0.203841,0.191316,0,0,0,0,,
2159.63,0.220917,0.210497,0.210138,0.214954,0.203671,0.213107,0.194648,0.199214,0.185036,0.203214,0.197691,0.188894,0.204131,0.189265,0.205143,0.202455,0.1886,0.199633,0.192868,0.185776,0.198178,0.212233,0.204441,0.203183,0.196383,0.202354,0.193319,0,0,0,0,,
2161.63,0.220192,0.207847,0.206905,0.212149,0.202866,0.21136,0.192427,0.197935,0.184322,0.203525,0.196901,0.188281,0.203571,0.188253,0.203155,0.202853,0.187336,0.200811,0.193313,0.184887,0.19675,0.207518,0.203492,0.202168,0.195098,0.201799,0.192548,0,0,0,0,,
2163.63,0.222454,0.208352,0.205231,0.213434,0.203661,0.211039,0.193505,0.197135,0.18648,0.204629,0.198699,0.189596,0.20573,0.189629,0.204755,0.202815,0.189983,0.199611,0.192489,0.185414,0.196739,0.203482,0.204283,0.202075,0.197128,0.201711,0.193291,0,0,0,0,,
2165.63,0.220681,0.207519,0.204677,0.212459,0.202654,0.209858,0.192616,0.196046,0.185266,0.203563,0.197046,0.187218,0.204216,0.187061,0.204161,0.200771,0.186181,0.199158,0.192687,0.185648,0.196868,0.202453,0.201799,0.201176,0.194795,0.20221,0.194953,0,0,0,0,,
2167.63,0.222012,0.208708,0.205374,0.213737,0.20525,0.212364,0.193789,0.198109,0.186916,0.203677,0.199874,0.188874,0.206038,0.188073,0.205305,0.204037,0.188429,0.201417,0.193607,0.186054,0.198932,0.202609,0.20506,0.203212,0.195268,0.204558,0.196364,0,0,0,0,,
2169.63,0.217306,0.206521,0.20346,0.211487,0.203543,0.209461,0.193111,0.198506,0.184471,0.203262,0.197429,0.188116,0.203789,0.189193,0.204258,0.203556,0.187634,0.200986,0.191238,0.186068,0.194862,0.199164,0.204515,0.201063,0.193612,0.202496,0.195723,0,0,0,0,,
2171.63,0.219229,0.208611,0.204662,0.211307,0.204725,0.211502,0.191897,0.197398,0.185584,0.203386,0.196944,0.186934,0.205629,0.187639,0.203444,0.20212,0.186524,0.199503,0.190362,0.184663,0.195533,0.199745,0.203304,0.201282,0.194632,0.20492,0.197845,0,0,0,0,,
2173.63,0.219582,0.207554,0.203701,0.21229,0.204753,0.21095,0.192483,0.198656,0.184498,0.203948,0.19775,0.188291,0.204768,0.188557,0.205449,0.20239,0.186573,0.199205,0.193471,0.1846,0.194461,0.201576,0.204695,0.201709,0.195513,0.207479,0.200267,0,0,0,0,,
2175.63,0.219116,0.204642,0.201899,0.210019,0.203511,0.212359,0.193349,0.196096,0.185469,0.201985,0.195901,0.187304,0.204013,0.186553,0.203123,0.201908,0.186506,0.1991,0.191219,0.184323,0.194791,0.199878,0.203603,0.200744,0.194544,0.206118,0.201921,0,0,0,0,,
2177.63,0.218495,0.205044,0.204236,0.211399,0.203479,0.211228,0.191974,0.198586,0.186904,0.202474,0.195743,0.185913,0.204966,0.187226,0.203438,0.203036,0.186429,0.200264,0.191823,0.184306,0.192889,0.19805,0.204602,0.201021,0.195146,0.206472,0.204078,0,0,0,0,,
2179.63,0.217216,0.201982,0.20406,0.210818,0.203145,0.210276,0.191383,0.197723,0.185563,0.203006,0.196372,0.186099,0.2042,0.18797,0.204022,0.203283,0.185157,0.198999,0.191852,0.184659,0.194438,0.198298,0.204103,0.200643,0.19534,0.207419,0.202718,0,0,0,0,,
2181.63,0.218238,0.201647,0.203987,0.212332,0.204452,0.210976,0.193754,0.198102,0.187156,0.203957,0.197398,0.186177,0.206678,0.187664,0.205791,0.203286,0.187289,0.201255,0.191226,0.187336,0.195034,0.198484,0.204813,0.201457,0.195094,0.207227,0.207192,0,0,0,0,,
2183.63,0.215337,0.199895,0.204302,0.209538,0.203213,0.211754,0.192833,0.198949,0.187174,0.204058,0.197366,0.186342,0.205966,0.186742,0.204613,0.203532,0.186435,0.200744,0.191088,0.183133,0.196594,0.198281,0.203872,0.20218,0.196015,0.207562,0.20616,0,0,0,0,,
2185.63,0.217408,0.196265,0.204708,0.209368,0.205162,0.212148,0.191707,0.199033,0.186162,0.201942,0.196609,0.187814,0.206155,0.187881,0.205147,0.202821,0.186045,0.201726,0.191433,0.181804,0.196359,0.197844,0.203795,0.200903,0.195887,0.209048,0.204442,0,0,0,0,,
2187.63,0.21792,0.194644,0.201629,0.20652,0.203184,0.210058,0.190974,0.198892,0.186918,0.20211,0.196969,0.186507,0.203154,0.188063,0.204094,0.202395,0.184672,0.201097,0.189964,0.184404,0.194571,0.196883,0.203635,0.200988,0.195106,0.203758,0.201485,0,0,0,0,,
2189.63,0.217041,0.193451,0.202761,0.205972,0.204491,0.210666,0.192627,0.197646,0.184865,0.204293,0.196937,0.187189,0.205341,0.186811,0.20515,0.201681,0.186744,0.20055,0.191344,0.183074,0.196598,0.196458,0.203165,0.201058,0.195766,0.20519,0.200827,0,0,0,0,,
2191.63,0.217942,0.192653,0.204742,0.20689,0.205022,0.211045,0.191953,0.200851,0.185293,0.202936,0.198598,0.188151,0.206008,0.188719,0.20441,0.204161,0.186672,0.201915,0.192576,0.184706,0.195625,0.196901,0.204139,0.201363,0.195984,0.206474,0.20108,0,0,0,0,,
2193.63,0.216677,0.192089,0.204433,0.209545,0.204088,0.21141,0.193862,0.199117,0.18616,0.201591,0.197665,0.184723,0.204325,0.187904,0.206035,0.203477,0.187117,0.200449,0.189995,0.184017,0.195249,0.197849,0.205599,0.201242,0.193824,0.208002,0.198931,0,0,0,0,,
2195.63,0.217838,0.189805,0.203638,0.20708,0.201854,0.210754,0.192789,0.198429,0.1857,0.204344,0.196578,0.188842,0.205346,0.188779,0.204013,0.203255,0.18427,0.201011,0.191329,0.183525,0.195632,0.196536,0.202667,0.201625,0.195224,0.207133,0.199755,0,0,0,0,,
2197.63,0.217775,0.188737,0.204462,0.208786,0.202516,0.210187,0.190584,0.198743,0.185706,0.202139,0.195829,0.187192,0.204283,0.187302,0.203754,0.202417,0.186412,0.199031,0.191443,0.182875,0.194795,0.194814,0.204102,0.201425,0.195852,0.204492,0.198291,0,0,0,0,,
2199.63,0.217391,0.188693,0.205963,0.206894,0.204573,0.212851,0.192753,0.197808,0.185723,0.203982,0.197227,0.186745,0.204904,0.187539,0.204085,0.203291,0.187394,0.200075,0.191722,0.184168,0.196017,0.197158,0.204336,0.201148,0.195088,0.205621,0.197219,0,0,0,0,,
2201.63,0.218694,0.190516,0.204616,0.20584,0.202543,0.210685,0.192581,0.197011,0.185959,0.203483,0.197061,0.186352,0.205175,0.186638,0.203055,0.202536,0.187039,0.202188,0.190654,0.183103,0.196034,0.196549,0.203644,0.200898,0.194532,0.202301,0.194779,0,0,0,0,,
2203.63,0.22052,0.189898,0.205574,0.206891,0.204029,0.21242,0.191088,0.19923,0.18686,0.203159,0.198226,0.189044,0.204879,0.187975,0.203925,0.203341,0.18779,0.202757,0.192335,0.18328,0.197891,0.19603,0.206071,0.202272,0.19604,0.202045,0.195126,0,0,0,0,,
2205.63,0.220745,0.189133,0.205909,0.206449,0.204585,0.213916,0.193602,0.199219,0.185346,0.204083,0.198176,0.186686,0.205407,0.18853,0.20436,0.203218,0.187124,0.203304,0.192492,0.184899,0.195969,0.194849,0.205735,0.203091,0.195604,0.203238,0.196817,0,0,0,0,,
2207.63,0.219544,0.188259,0.204904,0.208457,0.204404,0.210298,0.191468,0.198562,0.184239,0.203628,0.197943,0.186115,0.204358,0.187703,0.203311,0.202853,0.188235,0.203271,0.191294,0.182281,0.194589,0.195211,0.204246,0.20175,0.195933,0.204263,0.192387,0,0,0,0,,
2209.63,0.216815,0.187544,0.204361,0.210415,0.202704,0.212037,0.190792,0.19893,0.184719,0.203682,0.196046,0.187699,0.203175,0.187547,0.202955,0.203383,0.186495,0.201253,0.190439,0.18427,0.194855,0.193606,0.204356,0.201232,0.194502,0.20341,0.193049,0,0,0,0,,
2211.63,0.220448,0.189815,0.207533,0.213307,0.204449,0.212509,0.191734,0.198244,0.186946,0.2042,0.1992,0.18872,0.204363,0.189058,0.204317,0.202389,0.18864,0.202545,0.192386,0.185552,0.19792,0.194645,0.206441,0.203278,0.196363,0.201723,0.196114,0,0,0,0,,
2213.63,0.221215,0.19049,0.20727,0.210005,0.203096,0.212859,0.191534,0.198163,0.185379,0.203815,0.197461,0.186618,0.204708,0.185789,0.203605,0.200803,0.186055,0.202759,0.18951,0.184507,0.197537,0.193805,0.204661,0.202115,0.195305,0.204121,0.194885,0,0,0,0,,
2215.63,0.219654,0.19144,0.205445,0.213433,0.204307,0.210592,0.19167,0.198309,0.18521,0.203765,0.197792,0.186821,0.205356,0.186775,0.202843,0.201494,0.187422,0.202123,0.192387,0.182158,0.195813,0.193451,0.205027,0.203059,0.195642,0.202413,0.19423,0,0,0,0,,
2217.63,0.222113,0.190926,0.206228,0.218143,0.203968,0.213167,0.192646,0.199175,0.186469,0.20501,0.198497,0.188017,0.205102,0.186931,0.201579,0.202734,0.187787,0.203089,0.190695,0.182334,0.19728,0.19429,0.206346,0.201408,0.19612,0.204444,0.195878,0,0,0,0,,
2219.63,0.222252,0.192408,0.206043,0.220545,0.202787,0.213206,0.189751,0.198466,0.184638,0.202808,0.197497,0.186749,0.203804,0.187201,0.203311,0.204124,0.18813,0.20402,0.191955,0.18377,0.19566,0.192917,0.207358,0.202371,0.196816,0.203886,0.195443,0,0,0,0,,
2221.63,0.221098,0.192531,0.205695,0.215204,0.204279,0.211275,0.190078,0.197614,0.183921,0.204051,0.196778,0.186429,0.204532,0.186263,0.2034,0.20191,0.18722,0.203779,0.191015,0.184255,0.19766,0.193535,0.205601,0.201671,0.194744,0.207759,0.195458,0,0,0,0,,
2223.63,0.223422,0.195884,0.209975,0.218668,0.205252,0.211135,0.191262,0.199094,0.184565,0.204372,0.197473,0.187805,0.204711,0.18673,0.201359,0.202289,0.188946,0.202779,0.19111,0.183515,0.197132,0.193524,0.206394,0.202786,0.194915,0.207402,0.195542,0,0,0,0,,
2225.63,0.224175,0.196828,0.209903,0.216598,0.203274,0.211671,0.190797,0.198369,0.184449,0.204993,0.19656,0.187494,0.204769,0.187853,0.202977,0.204501,0.189113,0.202859,0.190762,0.183491,0.195791,0.192707,0.206424,0.201678,0.196962,0.207043,0.195137,0,0,0,0,,
2227.63,0.224934,0.200669,0.21241,0.214234,0.204362,0.211951,0.193593,0.198783,0.184897,0.204476,0.19785,0.188837,0.205986,0.187144,0.203413,0.203712,0.189238,0.20338,0.192338,0.183706,0.197653,0.194015,0.207738,0.203222,0.197189,0.207926,0.195783,0,0,0,0,,
2229.63,0.223069,0.204676,0.209211,0.213414,0.205432,0.211733,0.192644,0.199118,0.185314,0.203363,0.197074,0.187773,0.205709,0.188028,0.201939,0.202852,0.189252,0.201412,0.193193,0.183396,0.197334,0.192109,0.206641,0.203078,0.196178,0.206029,0.196531,0,0,0,0,,
2231.63,0.222942,0.212689,0.208833,0.212134,0.204577,0.212434,0.191344,0.198672,0.187623,0.203724,0.198315,0.187813,0.204664,0.188188,0.20199,0.203376,0.189432,0.20415,0.191955,0.183539,0.195415,0.1948,0.206315,0.202437,0.196765,0.206922,0.196661,0,0,0,0,,
2241.81,0.244548,0.244763,0.234937,0.247903,0.21091,0.220043,0.198889,0.205699,0.19217,0.209338,0.205426,0.196253,0.215418,0.196215,0.210664,0.219038,0.232597,0.226461,0.20218,0.194241,0.20691,0.202835,0.248712,0.228223,0.204448,0.215453,0.207733,1,0,0,0,2232.84," ""LED 5 s"""
2243.81,0.239882,0.232114,0.23037,0.240004,0.208154,0.21711,0.196727,0.202897,0.189761,0.208536,0.202762,0.195534,0.215591,0.199382,0.207668,0.230675,0.236656,0.228363,0.203982,0.19004,0.206217,0.202094,0.250304,0.245804,0.201642,0.21248,0.211831,0,0,0,0,,
2245.81,0.238218,0.223907,0.228001,0.230075,0.206387,0.214066,0.194696,0.20123,0.187859,0.205204,0.20051,0.19412,0.215295,0.196262,0.205165,0.240304,0.234442,0.222808,0.203202,0.188098,0.205575,0.203677,0.242692,0.246053,0.199457,0.214916,0.211427,0,0,0,0,,
2247.81,0.233792,0.220285,0.224542,0.226349,0.205746,0.214722,0.196384,0.20063,0.187646,0.205272,0.200048,0.194013,0.216219,0.199785,0.206066,0.235593,0.228106,0.217466,0.203225,0.186883,0.208628,0.207837,0.233521,0.240889,0.198283,0.217045,0.210395,0,0,0,0,,
2249.81,0.231893,0.22099,0.22227,0.222392,0.205286,0.215911,0.195656,0.201118,0.18628,0.204585,0.202259,0.193534,0.215512,0.198003,0.207074,0.230217,0.219818,0.213511,0.205267,0.187293,0.207967,0.209059,0.228973,0.234658,0.19978,0.217105,0.210628,0,0,0,0,,
2251.81,0.227823,0.215216,0.222343,0.217319,0.203272,0.210096,0.193604,0.198032,0.184558,0.205123,0.197992,0.192453,0.213791,0.195091,0.203761,0.221835,0.211727,0.205608,0.201764,0.184871,0.205991,0.205746,0.219456,0.22324,0.196951,0.212645,0.205338,0,0,0,0,,
2253.81,0.227829,0.212174,0.219464,0.216936,0.202753,0.2122,0.193984,0.198937,0.184069,0.205103,0.198732,0.191338,0.21307,0.194836,0.204981,0.218412,0.208246,0.206227,0.205739,0.186748,0.206884,0.205386,0.21618,0.22001,0.196893,0.210493,0.20594,0,0,0,0,,
2255.81,0.223932,0.20986,0.21417,0.213713,0.19869,0.210148,0.191435,0.196484,0.184074,0.201247,0.196238,0.188662,0.209351,0.192882,0.201727,0.211033,0.200971,0.201378,0.201114,0.184191,0.204758,0.201832,0.209944,0.211572,0.194254,0.205703,0.19887,0,0,0,0,,
2257.81,0.225265,0.207496,0.215425,0.217081,0.202309,0.212443,0.192626,0.199427,0.184362,0.202649,0.197914,0.191278,0.212891,0.193571,0.205635,0.209395,0.199049,0.201528,0.204753,0.184365,0.208011,0.203139,0.209744,0.211719,0.195668,0.206837,0.20048,0,0,0,0,,
2259.81,0.224998,0.209672,0.213436,0.216952,0.203796,0.214114,0.194112,0.201223,0.186473,0.20585,0.198699,0.191374,0.21301,0.192749,0.206546,0.209057,0.198605,0.202302,0.204658,0.186329,0.210397,0.203368,0.210235,0.209675,0.198073,0.207555,0.201851,0,0,0,0,,
2261.81,0.223773,0.207163,0.211458,0.214512,0.203203,0.215204,0.195392,0.198909,0.186285,0.206456,0.199299,0.19102,0.213971,0.194587,0.206849,0.208238,0.195805,0.202434,0.202451,0.18664,0.209351,0.201356,0.208808,0.209225,0.197597,0.208723,0.201756,0,0,0,0,,
2263.81,0.222077,0.202613,0.208921,0.213078,0.202009,0.211376,0.192804,0.19795,0.186036,0.204784,0.197356,0.191404,0.211085,0.190789,0.206262,0.205137,0.194438,0.19931,0.202699,0.186641,0.207788,0.200337,0.206146,0.205465,0.197952,0.206906,0.198565,0,0,0,0,,
2265.81,0.224566,0.20181,0.210211,0.211572,0.204463,0.212509,0.192445,0.197349,0.185598,0.204913,0.198427,0.190747,0.215288,0.192093,0.207293,0.206154,0.194014,0.200707,0.201886,0.18574,0.208682,0.199709,0.206494,0.206205,0.197535,0.206131,0.198565,0,0,0,0,,
2267.81,0.224893,0.200578,0.210764,0.211438,0.204546,0.21447,0.193401,0.197246,0.186678,0.20398,0.19869,0.191026,0.212628,0.190994,0.20763,0.205085,0.192749,0.200337,0.201186,0.18538,0.207773,0.198021,0.205122,0.204377,0.197389,0.207322,0.198166,0,0,0,0,,
2269.81,0.222691,0.198756,0.20898,0.21176,0.204559,0.212851,0.193356,0.198024,0.18657,0.204149,0.19959,0.191872,0.212097,0.190147,0.207123,0.204125,0.191835,0.199223,0.198385,0.185994,0.207213,0.198016,0.205213,0.203759,0.197441,0.205442,0.196289,0,0,0,0,,
2271.81,0.222433,0.19946,0.208912,0.211894,0.205215,0.211776,0.193204,0.197651,0.185801,0.204861,0.200258,0.190257,0.210772,0.191245,0.206402,0.202646,0.191453,0.1987,0.199192,0.186199,0.206257,0.197018,0.206349,0.203986,0.198027,0.204674,0.195793,0,0,0,0,,
2273.81,0.224256,0.19823,0.205182,0.212864,0.203417,0.213356,0.192728,0.198856,0.185027,0.20321,0.199255,0.188747,0.210297,0.191296,0.206581,0.203278,0.189295,0.200383,0.196429,0.185581,0.203639,0.195292,0.204865,0.203447,0.198069,0.20447,0.194325,0,0,0,0,,
2275.81,0.222752,0.197566,0.2024,0.212949,0.202946,0.213619,0.192963,0.198349,0.186428,0.202636,0.198803,0.18965,0.209144,0.189062,0.205256,0.203074,0.188788,0.198469,0.197418,0.182856,0.20054,0.194871,0.202459,0.201733,0.198128,0.202652,0.193234,0,0,0,0,,
2277.81,0.219129,0.194185,0.200432,0.211383,0.201619,0.209673,0.190505,0.19655,0.183453,0.201954,0.196394,0.187488,0.204947,0.186873,0.203446,0.199581,0.18555,0.196776,0.19385,0.181548,0.198065,0.189526,0.201681,0.199515,0.194943,0.200418,0.189713,0,0,0,0,,
2279.81,0.223384,0.195325,0.201889,0.213232,0.20272,0.210705,0.192831,0.199674,0.185321,0.204009,0.198879,0.189065,0.207125,0.190681,0.207286,0.204533,0.187195,0.199592,0.194331,0.185598,0.202089,0.193979,0.205874,0.201685,0.196136,0.20357,0.193096,0,0,0,0,,
2281.81,0.221676,0.19424,0.202615,0.208288,0.201728,0.212221,0.189568,0.197813,0.184792,0.202292,0.196968,0.188454,0.203446,0.188585,0.204574,0.201828,0.187072,0.198294,0.193335,0.183877,0.197305,0.19221,0.202031,0.199785,0.196431,0.199771,0.191135,0,0,0,0,,
2283.81,0.221534,0.194605,0.203015,0.208921,0.204056,0.213204,0.190608,0.199494,0.186197,0.204265,0.198492,0.188851,0.20652,0.188575,0.206814,0.202497,0.186604,0.199204,0.194191,0.184566,0.199175,0.192679,0.202884,0.201114,0.197685,0.20147,0.193934,0,0,0,0,,
2285.81,0.220462,0.192299,0.204017,0.205568,0.201409,0.212589,0.192546,0.199674,0.184665,0.201305,0.197818,0.187859,0.206179,0.188255,0.205305,0.201364,0.186791,0.198889,0.192645,0.185044,0.199019,0.193632,0.202623,0.201178,0.196667,0.202181,0.193385,0,0,0,0,,
2287.81,0.219786,0.195839,0.203561,0.205846,0.202135,0.213485,0.192087,0.199927,0.184694,0.203017,0.199195,0.188596,0.204575,0.189323,0.205271,0.201508,0.187689,0.199005,0.193679,0.183224,0.199363,0.193093,0.202746,0.201392,0.198646,0.202014,0.196335,0,0,0,0,,
2289.81,0.224155,0.195129,0.204452,0.2062,0.2041,0.214812,0.19283,0.200553,0.188236,0.206975,0.200685,0.188403,0.20936,0.190988,0.206378,0.204404,0.188465,0.201265,0.194648,0.18409,0.197738,0.193646,0.204561,0.202617,0.19947,0.203615,0.198259,0,0,0,0,,
2291.81,0.221087,0.19595,0.203224,0.204731,0.202806,0.213164,0.192083,0.20037,0.186476,0.203928,0.199099,0.189341,0.203688,0.188752,0.206138,0.203192,0.185889,0.20015,0.19434,0.183058,0.19615,0.193942,0.203459,0.200713,0.200125,0.202708,0.198449,0,0,0,0,,
2293.81,0.220455,0.194493,0.203784,0.205107,0.203713,0.212142,0.191164,0.198462,0.184851,0.204754,0.198167,0.189478,0.205142,0.190003,0.20661,0.202051,0.186489,0.199104,0.19175,0.183329,0.197789,0.192809,0.203917,0.201422,0.197283,0.202719,0.201974,0,0,0,0,,
2295.81,0.222589,0.194819,0.206269,0.205331,0.204459,0.211314,0.192587,0.199318,0.185761,0.203743,0.19871,0.188487,0.205829,0.188358,0.205824,0.202646,0.187171,0.199898,0.19191,0.183452,0.19509,0.191554,0.204006,0.201457,0.197781,0.20343,0.200808,0,0,0,0,,
2297.81,0.222837,0.195758,0.204522,0.204795,0.203765,0.213268,0.19327,0.197649,0.185312,0.205289,0.199245,0.188343,0.2053,0.18951,0.205381,0.203082,0.186377,0.200339,0.192882,0.185883,0.196191,0.193997,0.204858,0.203054,0.198732,0.205794,0.203148,0,0,0,0,,
2299.81,0.21929,0.194492,0.203803,0.204433,0.203099,0.213725,0.193021,0.198738,0.185993,0.203863,0.198603,0.189393,0.202463,0.188984,0.206275,0.202437,0.184651,0.199588,0.192113,0.18357,0.196538,0.193692,0.205225,0.20135,0.199084,0.204574,0.20244,0,0,0,0,,
2301.81,0.220571,0.197188,0.20387,0.203408,0.204324,0.214826,0.193019,0.200083,0.186826,0.204021,0.199813,0.191481,0.205052,0.188565,0.205968,0.203274,0.186757,0.199916,0.192135,0.186222,0.197363,0.193746,0.204746,0.20203,0.200689,0.206605,0.20058,0,0,0,0,,
2303.81,0.220666,0.195237,0.203742,0.206202,0.204436,0.213925,0.194838,0.198789,0.184771,0.203719,0.19895,0.188504,0.204052,0.188342,0.205381,0.203598,0.187462,0.20007,0.192325,0.18333,0.196468,0.192115,0.203978,0.20232,0.198966,0.20409,0.201481,0,0,0,0,,
2305.81,0.221975,0.198551,0.203228,0.205442,0.204698,0.214236,0.19288,0.200076,0.186495,0.204107,0.198283,0.187616,0.205633,0.189211,0.205759,0.203079,0.186443,0.201493,0.191981,0.183597,0.197368,0.193425,0.204844,0.202354,0.199338,0.204481,0.199633,0,0,0,0,,
2307.81,0.223218,0.199208,0.202476,0.206681,0.203495,0.21171,0.192881,0.199222,0.184639,0.205153,0.199171,0.189825,0.205984,0.189313,0.204907,0.202653,0.1867,0.201529,0.192124,0.185143,0.196983,0.194165,0.204199,0.201548,0.19928,0.202722,0.201203,0,0,0,0,,
2309.81,0.220625,0.207301,0.201019,0.205849,0.203922,0.211078,0.193498,0.200372,0.184301,0.205126,0.198069,0.190618,0.204834,0.189795,0.204798,0.203018,0.187253,0.202153,0.193522,0.18371,0.196151,0.19454,0.204519,0.201174,0.200033,0.202992,0.198871,0,0,0,0,,
2311.81,0.221296,0.214948,0.200201,0.207783,0.204783,0.211483,0.192405,0.199646,0.184035,0.204252,0.197545,0.18983,0.204776,0.190166,0.204896,0.202645,0.186382,0.200802,0.192864,0.184603,0.198074,0.193317,0.20425,0.202301,0.200358,0.2027,0.202449,0,0,0,0,,
2313.81,0.220417,0.222339,0.201113,0.209629,0.203772,0.213631,0.193728,0.198231,0.18607,0.204405,0.198636,0.189555,0.202893,0.19101,0.20471,0.201878,0.186104,0.20043,0.193153,0.182956,0.195472,0.193084,0.204228,0.20119,0.199254,0.20345,0.199634,0,0,0,0,,
2315.81,0.222256,0.225359,0.20402,0.211821,0.204156,0.214029,0.191831,0.199277,0.185143,0.205711,0.198113,0.190128,0.203793,0.190547,0.204408,0.202742,0.18784,0.199807,0.192142,0.186198,0.197123,0.193838,0.204925,0.202447,0.199278,0.20049,0.198142,0,0,0,0,,
2317.81,0.22319,0.222297,0.206641,0.214465,0.203831,0.210538,0.192248,0.201683,0.185505,0.204359,0.198424,0.189477,0.20477,0.189584,0.204008,0.20157,0.188572,0.201151,0.192453,0.186147,0.197196,0.194121,0.205056,0.201702,0.198333,0.199415,0.197934,0,0,0,0,,
2319.81,0.223199,0.219038,0.206896,0.212367,0.20374,0.213614,0.192136,0.200659,0.185305,0.203606,0.197634,0.18995,0.203452,0.189879,0.202363,0.201649,0.187673,0.201641,0.192621,0.183157,0.195342,0.192705,0.204641,0.202147,0.199589,0.19993,0.195133,0,0,0,0,,
2321.81,0.22319,0.218547,0.205312,0.208,0.203348,0.2125,0.193358,0.200239,0.184527,0.202353,0.197235,0.19083,0.204588,0.191153,0.202581,0.202894,0.186758,0.201722,0.193282,0.185999,0.197117,0.193807,0.205662,0.200848,0.200486,0.199629,0.194166,0,0,0,0,,
2323.81,0.220314,0.216562,0.205858,0.208575,0.204174,0.212043,0.193828,0.198079,0.184443,0.20476,0.198763,0.190034,0.204816,0.187621,0.203783,0.202211,0.185121,0.200235,0.193754,0.184417,0.197945,0.193328,0.205444,0.202314,0.199416,0.19808,0.194615,0,0,0,0,,
2325.81,0.220289,0.215522,0.206823,0.205678,0.202337,0.210964,0.192363,0.198744,0.183376,0.203274,0.197594,0.190807,0.20474,0.188051,0.20177,0.202688,0.185523,0.199621,0.191982,0.183873,0.196734,0.193964,0.204489,0.201589,0.197955,0.197233,0.190774,0,0,0,0,,
2327.81,0.221163,0.213614,0.204727,0.205538,0.204163,0.209913,0.192191,0.19772,0.184019,0.202459,0.199353,0.187831,0.203365,0.189093,0.202159,0.201748,0.18447,0.198438,0.191084,0.182572,0.194663,0.191711,0.20349,0.201392,0.198909,0.195973,0.191596,0,0,0,0,,
2329.81,0.221032,0.210473,0.202232,0.202966,0.204115,0.211236,0.190957,0.19838,0.18427,0.201747,0.197578,0.188187,0.202783,0.187081,0.201514,0.20174,0.185772,0.199442,0.189809,0.182381,0.197228,0.191294,0.204081,0.200295,0.197627,0.197149,0.19079,0,0,0,0,,
2331.81,0.218827,0.207125,0.203037,0.205117,0.2025,0.211321,0.191852,0.198171,0.1836,0.203311,0.197227,0.189382,0.203851,0.187844,0.201305,0.200545,0.186226,0.199618,0.191769,0.182579,0.198008,0.192921,0.203339,0.201447,0.198826,0.196851,0.18948,0,0,0,0,,
2333.81,0.217583,0.205805,0.201696,0.206794,0.202351,0.211527,0.189885,0.198522,0.183834,0.204031,0.197123,0.190186,0.20328,0.187829,0.201687,0.20141,0.186919,0.200062,0.192676,0.185178,0.197884,0.191922,0.204433,0.201586,0.198952,0.199727,0.190836,0,0,0,0,,
2335.81,0.217158,0.201602,0.200219,0.207277,0.203165,0.211616,0.190952,0.196805,0.184389,0.202746,0.197311,0.189846,0.203197,0.188169,0.202396,0.201923,0.187767,0.200425,0.193658,0.18462,0.197701,0.192459,0.205348,0.201617,0.197811,0.200635,0.189777,0,0,0,0,,
2337.81,0.217758,0.199641,0.201138,0.205083,0.202274,0.211504,0.190989,0.199233,0.184142,0.203273,0.196894,0.189887,0.201757,0.189321,0.201497,0.201529,0.18727,0.199717,0.193307,0.184088,0.198808,0.190706,0.2059,0.201519,0.199161,0.199935,0.188701,0,0,0,0,,
2339.81,0.220544,0.200864,0.201895,0.205175,0.20305,0.213347,0.192788,0.199811,0.184542,0.203122,0.197231,0.189796,0.203739,0.189853,0.201939,0.202827,0.188895,0.200625,0.194301,0.183772,0.198204,0.193522,0.205967,0.201438,0.197559,0.201738,0.188352,0,0,0,0,,
2341.81,0.217948,0.195445,0.200529,0.205004,0.201652,0.211661,0.190239,0.197755,0.184425,0.204075,0.196516,0.188539,0.202729,0.188111,0.20184,0.201882,0.188622,0.199344,0.192638,0.182131,0.19706,0.191742,0.204685,0.201447,0.199336,0.200278,0.187516,0,0,0,0,,
2343.81,0.218373,0.19554,0.201336,0.205474,0.203168,0.214493,0.191319,0.199998,0.184978,0.20268,0.196812,0.189033,0.203789,0.186476,0.202264,0.200677,0.188967,0.201286,0.192749,0.182892,0.196679,0.192998,0.206035,0.201008,0.196997,0.202032,0.188713,0,0,0,0,,
2345.81,0.217397,0.195167,0.200745,0.205742,0.20369,0.218855,0.193084,0.199238,0.186322,0.204691,0.197218,0.189111,0.202965,0.188799,0.202159,0.202384,0.188388,0.202539,0.192909,0.184489,0.200462,0.192464,0.206656,0.203906,0.199464,0.203409,0.188944,0,0,0,0,,
2347.81,0.217554,0.191691,0.201798,0.204532,0.202522,0.216099,0.191145,0.198224,0.185148,0.203223,0.19607,0.1902,0.201209,0.187105,0.201449,0.200734,0.189058,0.200618,0.193833,0.185328,0.196566,0.193279,0.206511,0.201876,0.199037,0.20339,0.188529,0,0,0,0,,
2349.81,0.217018,0.191503,0.202103,0.204611,0.204692,0.216652,0.194263,0.198586,0.186272,0.204128,0.197053,0.190267,0.203723,0.188529,0.201284,0.202546,0.189357,0.202184,0.193827,0.184133,0.197809,0.193942,0.205478,0.204363,0.198838,0.204422,0.189965,0,0,0,0,,
2351.81,0.218299,0.193046,0.203851,0.204645,0.203189,0.216154,0.192218,0.199485,0.186329,0.204795,0.197833,0.188178,0.204275,0.189723,0.203228,0.201968,0.188886,0.202195,0.194351,0.185039,0.198517,0.19348,0.207874,0.203593,0.200982,0.205791,0.190175,0,0,0,0,,
2353.81,0.219188,0.190911,0.205597,0.205304,0.203445,0.216903,0.193524,0.200687,0.186418,0.204886,0.197634,0.191244,0.203511,0.189465,0.204174,0.203221,0.190305,0.203331,0.195416,0.185111,0.20008,0.194015,0.207394,0.201812,0.201138,0.206059,0.191002,0,0,0,0,,
2355.81,0.219899,0.19127,0.205971,0.204313,0.204792,0.217317,0.19288,0.200786,0.186079,0.205499,0.2002,0.190983,0.205197,0.190967,0.205408,0.204269,0.19153,0.204684,0.194651,0.185421,0.199682,0.195127,0.20772,0.203927,0.202492,0.206017,0.192998,0,0,0,0,,
2357.81,0.219819,0.191997,0.203548,0.203231,0.203051,0.21622,0.191945,0.200944,0.18606,0.204179,0.197862,0.189982,0.203337,0.189389,0.203743,0.202847,0.190102,0.203114,0.194288,0.184621,0.198089,0.194016,0.207402,0.202743,0.199826,0.208514,0.194197,0,0,0,0,,
2359.81,0.216435,0.190287,0.205658,0.201573,0.203271,0.214454,0.193752,0.200262,0.186646,0.204996,0.198064,0.191152,0.204389,0.188313,0.203874,0.203283,0.191101,0.202571,0.194647,0.184544,0.198732,0.194173,0.20908,0.203817,0.199651,0.208588,0.195679,0,0,0,0,,
2361.81,0.215324,0.188154,0.201565,0.199743,0.20117,0.213393,0.191074,0.197492,0.184933,0.202884,0.196017,0.188797,0.20125,0.188467,0.201973,0.202117,0.189164,0.202005,0.192053,0.184058,0.194356,0.192799,0.208035,0.203123,0.197483,0.205301,0.196822,0,0,0,0,,
2363.81,0.218103,0.187669,0.202932,0.202122,0.203984,0.216286,0.193027,0.199377,0.184935,0.205523,0.197873,0.189678,0.204173,0.186961,0.202781,0.204049,0.190062,0.205215,0.193105,0.185504,0.197092,0.193087,0.208623,0.204236,0.19842,0.207472,0.198955,0,0,0,0,,
2365.81,0.217011,0.190043,0.205532,0.204841,0.203753,0.214211,0.195888,0.201102,0.185611,0.207135,0.197868,0.191433,0.205504,0.188362,0.2044,0.204664,0.19224,0.205852,0.195391,0.184666,0.198455,0.194829,0.21031,0.206228,0.199513,0.206994,0.202514,0,0,0,0,,
2367.81,0.218204,0.189981,0.206404,0.206971,0.205804,0.215439,0.194421,0.201158,0.187489,0.205813,0.199958,0.191915,0.206255,0.18968,0.203129,0.203882,0.190948,0.205008,0.195532,0.185232,0.198713,0.19491,0.210812,0.205519,0.199253,0.205909,0.203241,0,0,0,0,,
2369.81,0.217846,0.188313,0.202826,0.207371,0.203667,0.214293,0.19322,0.198818,0.184761,0.204437,0.198098,0.19184,0.203447,0.189407,0.203268,0.202625,0.189981,0.203767,0.193818,0.183308,0.198762,0.193761,0.211732,0.205484,0.195875,0.205228,0.207854,0,0,0,0,,
2371.81,0.220437,0.189366,0.204267,0.208771,0.203157,0.213281,0.19241,0.200534,0.186311,0.203851,0.200728,0.189379,0.20566,0.190506,0.203976,0.204648,0.190325,0.204666,0.19518,0.184852,0.199425,0.195108,0.2144,0.20475,0.198211,0.203998,0.207886,0,0,0,0,,
2374.17,0.217737,0.19006,0.203753,0.209586,0.202504,0.214143,0.194254,0.198554,0.184547,0.204847,0.197071,0.190612,0.204249,0.189219,0.202788,0.203849,0.190812,0.204439,0.192523,0.183954,0.198894,0.193801,0.216471,0.20615,0.198117,0.204439,0.20365,1,0,0,0,2374.17," ""LED 5 s"""
2383.24,0.242636,0.229944,0.228409,0.240003,0.211034,0.219734,0.202117,0.208164,0.19336,0.21419,0.206194,0.217468,0.214307,0.20036,0.21086,0.215485,0.219668,0.227452,0.204762,0.193722,0.20722,0.209179,0.251342,0.249713,0.205773,0.217514,0.214621,0,0,0,0,,
2385.24,0.236155,0.241327,0.224034,0.228987,0.206274,0.218588,0.196947,0.202608,0.190209,0.208782,0.20231,0.226992,0.210662,0.19756,0.208714,0.214638,0.229004,0.226007,0.201558,0.187932,0.204285,0.205292,0.240453,0.249415,0.203019,0.214424,0.211109,0,0,0,0,,
2387.24,0.236381,0.237692,0.221005,0.224083,0.205868,0.219018,0.195898,0.202535,0.188879,0.20809,0.201059,0.225128,0.210798,0.200668,0.21322,0.217597,0.230408,0.22406,0.200523,0.189044,0.201957,0.205997,0.232779,0.242564,0.203068,0.214455,0.207996,0,0,0,0,,
2389.44,0.233031,0.227791,0.21912,0.216301,0.206408,0.218715,0.194245,0.202335,0.188359,0.207329,0.201297,0.222811,0.210075,0.205769,0.213823,0.219346,0.223851,0.219444,0.199245,0.188081,0.202938,0.204887,0.22765,0.234665,0.202306,0.212912,0.204857,0,0,0,0,,
2391.44,0.231736,0.225262,0.215174,0.214833,0.205987,0.217228,0.195698,0.20052,0.188292,0.208716,0.200784,0.215558,0.210651,0.205034,0.213186,0.223587,0.220858,0.214562,0.201112,0.187897,0.203463,0.204794,0.219492,0.227718,0.200183,0.209721,0.202698,0,0,0,0,,